id,Название,Цена со скидкой/Полная цена если скидки нет,Цена без скидки/Пусто если скидки нет,Бренд,Ссылка
 508640,"Кофе Nescafe Gold Barista растворимый сублимированный с добавлением натурального молотого кофе, 400г",999,1 699,EGOISTE,https://online.metro-cc.ru/products/art_619918
 119138,Кофе Carte Noire Original в зернах 800 г,2 199,,JARDIN,https://online.metro-cc.ru/products/carte-noire-v-zernah-naturalnyj-zharenyj-800g
 36574,"Кофе Jacobs Monarch растворимый (1.8г х 26шт), 47г",499,,BUSHIDO,https://online.metro-cc.ru/products/jacobs-monarch-26x18g
 551849,"Кофе Nescafe Gold растворимый сублимированный с добавлением натурального жареного молотого кофе, 750г",1 379,2 279,NESCAFE,https://online.metro-cc.ru/products/nescafe-s-dobavleniem-naturalnogo-zharenogo-molotogo-gold-750g
 223100,"Кофе Julius Meinl Espresso Gran Aroma в зернах, 1кг",1 949,,ABSOLUT,https://online.metro-cc.ru/products/1kg-kofe-julius-meinl-espresso-gran-aroma-zerno
 578056,"Кофе Julius Meinl Espresso Deluxe в зернах, 1кг",2 499,,LAVAZZA,https://online.metro-cc.ru/products/1kg-kofe-julius-meinl-espresso-deluxe-zerno
 230303,"Кофе Coferium Gold selection в зернах, 1кг",1 599,,MONARCH,https://online.metro-cc.ru/products/1kg-kofe-coferium-gold-selection-v-zernah
 530969,"Кофе Julius Meinl Cafe Crema Gourmet в зернах, 1кг",1 949,,RIOBA,https://online.metro-cc.ru/products/1kg-kofe-julius-meinl-cafe-crema-gourmet-zerno
 220015,"Кофе Coferium Strong в зернах, 1кг",1 199,,JULIUS MEINL,https://online.metro-cc.ru/products/1kg-kofe-coferium-strong-v-zernah
 219222,"Кофе Coferium White roast в зернах, 1кг",1 599,,COFERIUM,https://online.metro-cc.ru/products/1kg-kofe-coferium-white-roast-v-zernah
 469363,"Кофе Bushido Original растворимый, 100г",659,679,JARDIN,https://online.metro-cc.ru/products/bushido-sublimirovannyj-original-100g
 287769,"Кофе Ambassador Nero Espresso Roast в зернах, 1кг",739,789,RIOBA,https://online.metro-cc.ru/products/ambassador-v-zernah-naturalnyj-zharenyj-nero-1kg
 226399,"Кофе Bushido Red Katana в зернах, 1кг",1 699,2 139,МОСКОВСКАЯ КОФЕЙНЯ НА ПАЯХЪ,https://online.metro-cc.ru/products/bushido-red-1000g
 62828,"Кофе Fresco Blend в зернах, 1кг",1 090,1 269,JULIUS MEINL,https://online.metro-cc.ru/products/fresco-blend-1000g
 580564,"RIOBA Кофе в зернах натуральный жареный 100% арабика Espresso, 1кг",1 679,,EGOISTE,https://online.metro-cc.ru/products/rioba-v-zernah-naturalnyj-zharenyj-100-arabika-espresso-1kg
 531031,"Кофе Monarch Original растворимый, 500г",1 049,1 549,ALTA ROMA,https://online.metro-cc.ru/products/kofe-monarch-original-rastvorimyy-500g
 287768,"Кофе Egoiste трюфель крема в зернах, 1кг",1 549,1 639,RIOBA,https://online.metro-cc.ru/products/kofe-v-zernah-egoiste-tryufel-krema-1kg
 609222,"Кофе Ambassador Platinum в зернах, 1кг",1 119,1 489,RIOBA,https://online.metro-cc.ru/products/ambassador-naturalnyj-zharenyj-platinum-1kg
 228778,"Кофе Fresco Arabica Solo в зернах, 1кг",1 090,1 269,FRESCO,https://online.metro-cc.ru/products/fresco-arabica-solo-v-zernah-1000-g
 219193,"Кофе Nescafe Classic Crema растворимый, 95г",179,214,COFERIUM,https://online.metro-cc.ru/products/nescafe-classic-crema-95-g
 44941,"Кофе Egoiste Arabica Premium натуральный жареный в зернах, 1кг",2 029,,DALLMAYR,https://online.metro-cc.ru/products/egoiste-v-zernah-naturalnyj-zharenyj-arabica-premium-1kg
 642122,"Кофе Julius Meinl Сaffe Crema Premium Collection в зернах, 1кг",1 999,,NESCAFE,https://online.metro-cc.ru/products/julius-meinl-krema-premium-1kg
 530966,"RIOBA Кофе в зернах натуральный жареный Silver, 1кг",1 329,,RIOBA,https://online.metro-cc.ru/products/rioba-v-zernah-naturalnyj-zharenyj-silver-1kg
 546341,"Кофе Alta Roma Espresso в зернах, 1кг",999,1 079,AMBASSADOR,https://online.metro-cc.ru/products/kofe-alta-roma-espresso-v-zernakh-1kg
 104561,"Кофе Lavazza Crema e Aroma натуральный жареный в зернах, 1кг",2 519,,FRESCO,https://online.metro-cc.ru/products/lavazza-v-zernah-naturalnyj-zharenyj-crema-e-aroma-1kg
 228292,"Кофе Lavazza Qualita Oro натуральный жареный в зернах, 1кг",2 539,,EGOISTE,https://online.metro-cc.ru/products/v-zernah-lavazza-naturalnyj-zharenyj-qualita-oro-1kg
 260443,"Кофе Nescafe Classic растворимый порошкообразный с добавлением натурального жареного молотого кофе, 900г",999,1 859,CARTE NOIRE,https://online.metro-cc.ru/products/900g-nescafe-classic
 586897,"Кофе Julius Meinl Espresso Premium Collection в зернах, 1кг",2 179,,LAVAZZA,https://online.metro-cc.ru/products/v-zernah-julius-meinl-espresso-premium-kollekciya-1000g
 72873,"Кофе Lavazza Qualita Oro молотый, 250г",619,,EGOISTE,https://online.metro-cc.ru/products/lavazza-naturalnyj-zharenyj-oro-250g
 59409,"Кофе Ambassador Gold Label в зернах, 1кг",1 290,1 649,FRESCO,https://online.metro-cc.ru/products/ambassador-gold-label-v-zernah-1000g
 75654,"Кофе Jardin Bravo Бразилия в зернах, 1кг",1 339,2 349,CARTE NOIRE,https://online.metro-cc.ru/products/jardin-bravo-braziliya-1kg
 230305,"Кофе Fresco Horeca arabica в зернах, 1кг",1 099,1 749,MONARCH,https://online.metro-cc.ru/products/1kg-kofe-fresco-horeca-arabica-zerno
 32457,"Кофе Bushido Black Katana в зернах, 1кг",1 899,2 699,LAVAZZA,https://online.metro-cc.ru/products/kofe-zernovoj-bushido-black-katana-1000g
 433965,"RIOBA Кофе в зернах натуральный жареный 80:20, 1кг",1 529,,NESCAFE,https://online.metro-cc.ru/products/rioba-v-zernah-naturalnyj-zharenyj-gold-1kg
 32459,"Кофе Jacobs Crema в зернах, 1кг",1 249,1 489,LAVAZZA,https://online.metro-cc.ru/products/jacobs-crema-zernovoj-1kg
 208702,"Кофе Lavazza Crema e Gusto Classico молотый, 250г",439,,LAVAZZA,https://online.metro-cc.ru/products/lavazza-naturalnyj-zharenyj-crema-e-gusto-250g
 655857,"RIOBA Кофе в капсулах Cremoso для кофемашин Nespresso 11шт, 55г",299,,JACOBS,https://online.metro-cc.ru/products/rioba-dlya-kofemashin-cremoso-11x5g
 133726,"Кофе Nescafe Gold растворимый, 190г",429,449,NESCAFE,https://online.metro-cc.ru/products/nescafe-gold-190g
 635596,"Кофе Alta Roma Intenso в зернах, 1кг",1 249,1 399,JARDIN,https://online.metro-cc.ru/products/kofe-alta-roma-intenso-v-zernakh-1kg
 526503,"Кофе Egoiste Double Espresso, 100г",399,669,FRESCO,https://online.metro-cc.ru/products/egoiste-double-espresso-100g
 632162,"RIOBA Кофе в капсулах Delicato для кофемашин Nespresso 11шт, 55г",299,,ARO,https://online.metro-cc.ru/products/rioba-dlya-kofemashin-delicato-10x5g
 228781,"Кофе Egoiste Platinum, 100г",799,829,FRESCO,https://online.metro-cc.ru/products/egoiste-platinum-100-g
 427833,"Кофе Lavazza Caffe Espresso натуральный жареный в зернах, 1кг",2 599,,LAVAZZA,https://online.metro-cc.ru/products/v-zernah-lavazza-naturalnyj-zharenyj-caffe-espresso-1kg
 636528,"Кофе Julius Meinl Caffe Crema Intenso Trend Collection в зернах, 1кг",1 839,,EGOISTE,https://online.metro-cc.ru/products/v-zernah-julius-meinl-krema-intenso-trend-kollekciya-1000g
 218719,"Кофе Origo Imperial Wiener Mischung в зернах, 1кг",2 899,,POETTI,https://online.metro-cc.ru/products/art_44438
 505974,"Кофе Lavazza Expert Crema-Aroma в зернах, 1кг",2 359,,ЧЕРНАЯ КАРТА,https://online.metro-cc.ru/products/1kg-kofe-lavazza-expert-cremaaroma-v-zernah
 220012,"Кофе Julius Meinl Юбилейный классическая коллекция в зернах, 1кг",1 999,,JULIUS MEINL,https://online.metro-cc.ru/products/yubilejnyj-julius-meinl-1000g
 102232,"Кофе Julius Meinl Юбилейный в зернах, 250г",549,,AMBASSADOR,https://online.metro-cc.ru/products/julius-meinl-yubilejnyj-250g
 112993,"Кофе Egoiste Noir молотый, 250г",469,569,EGOISTE,https://online.metro-cc.ru/products/egoiste-naturalnyj-zharenyj-250g
 32456,"Кофе Ambassador Blue Label в зернах, 1кг",1 399,1 699,LAVAZZA,https://online.metro-cc.ru/products/ambassador-blue-label-zernovoj-1000-g
 456926,"Кофе Черная Карта в зернах, 1кг",919,1 149,DALLMAYR,https://online.metro-cc.ru/products/chernaya-karta-paketirovannyj-1kg
 110546,"Кофе Московская кофейня на паяхъ Арабика растворимый сублимированный, 95г",359,559,BUSHIDO,https://online.metro-cc.ru/products/moskovskaya-kofejnya-na-payah-sublimirovannyj-arabika-95g
 619918,"Кофе Monarch Original растворимый, 190г",579,,NESCAFE,https://online.metro-cc.ru/products/190g-kofe-monarch-original-rastvorimyy-st
 415027,"Напиток кофейный Nescafe Mild 3в1 20 пакетиков, 290г",259,319,NESCAFE,https://online.metro-cc.ru/products/20x145g-kofejnyj-napitok-nescafe-3v1-myagkij
 72533,"Кофе Egoiste Espresso в зернах, 1кг",2 469,,COFFESSO,https://online.metro-cc.ru/products/egoiste-espresso-1000g
 107074,"Кофе Jardin Guatemala Atitlan натуральный растворимый, 95г",219,297,CARRARO,https://online.metro-cc.ru/products/jardin-guatemala-atitlan-naturalnyj-95-g
 226465,"Набор кофе в капсулах Coffesso для кофемашин Nespresso ассорти 50шт, 250г",1 199,1 329,ALTA ROMA,https://online.metro-cc.ru/products/coffesso-nabor-v-kapsulah-50-sht-h-5-g
 654820,"Кофе Dallmayr Crema d'Oro натуральный жареный в зернах, 1кг",2 199,,JULIUS MEINL,https://online.metro-cc.ru/products/dallmayr-v-zernah-naturalnyj-zharenyj-crema-d-039oro-1kg
 123742,"Кофе Jacobs Barista Crema в зернах, 800г",1 199,1 439,NESCAFE,https://online.metro-cc.ru/products/kofe-jacobs-barista-crema-zernovoy-800g
 590985,"Кофе Московская кофейня на паяхъ Суаре растворимый сублимированный, 95г",279,409,EGOISTE,https://online.metro-cc.ru/products/moskovskaya-kofejnya-na-payah-sublimirovannyj-suare-95g
 227078,"Кофе Egoiste Truffle молотый, 250г",449,659,MONARCH,https://online.metro-cc.ru/products/250g-kofe-egoiste-truffle-molotyy
 134491,"Кофе Julius Meinl Президент классическая коллекция в зернах, 1кг",2 029,,ARO,https://online.metro-cc.ru/products/julius-meinl-prezident-1000g
 208703,"Кофе в капсулах Jardin Vanillia Rich&Sweet для кофемашин Nespresso 10шт, 50г",279,409,LAVAZZA,https://online.metro-cc.ru/products/10h5g-jardin-vanillia
 224846,"Кофе MacCoffee Capuccino Di torino растворимый (25.5г x 20шт), 510г",399,489,MACCOFFEE,https://online.metro-cc.ru/products/20shtx255g-kofe-maccoffee-cappuccino-di-torino-rastv
 125676,"Кофе Jardin Americano Crema в зернах, 1кг",1 399,1 599,LEBO CLASSIC,https://online.metro-cc.ru/products/jardin-americano-crema-1000-g
 133725,"Кофе Julius Meinl Эспрессо в зернах, 500г",1 549,,NESCAFE,https://online.metro-cc.ru/products/julius-meinl-v-zernah-naturalnyj-zharenyj-president-grande-espresso-500g
 226397,"Кофе в капсулах Jardin Andante Strong&Velvet для кофемашин Nespresso 10шт, 50г",279,409,МОСКОВСКАЯ КОФЕЙНЯ НА ПАЯХЪ,https://online.metro-cc.ru/products/10h5g-jardin-andante
 469367,"aro Кофе 3в1 классик (100 пакетиков x 16г), 1.6кг",759,,JARDIN,https://online.metro-cc.ru/products/aro-3v1-klassik-100h16g
 469362,"Кофе Jardin Colombia Medellin натуральный растворимый сублимированный, 95г",219,297,JARDIN,https://online.metro-cc.ru/products/jardin-naturalnyj-sublimirovannyj-colombia-medellin-95g
 59002,"Кофе Nescafe Gold растворимый, 95г",279,329,BUSHIDO,https://online.metro-cc.ru/products/nescafe-gold-steklo-95g-415027
 224737,"Кофе Egoiste Noir растворимый сублимированный, 100г",469,669,MONARCH,https://online.metro-cc.ru/products/egoiste-sublimirovannyj-noir-100g
 100814,"Кофе Fresco Arabica Doppio молотый в растворимом, 100г",249,297,JULIUS MEINL,https://online.metro-cc.ru/products/fresco-naturalnyj-s-dobavleniem-naturalnogo-zharenogo-molotogo-arabica-doppio-100g
 629014,"Кофе Carraro Primo Mattino в зернах, 1кг",1 669,,KIMBO,https://online.metro-cc.ru/products/v-zernah-carraro-primo-mattino-1-kg
 654819,"Кофе Monarch Original растворимый, 270г",899,1 199,JULIUS MEINL,https://online.metro-cc.ru/products/kofe-monarch-original-rastvorimyy-270g
 528357,"Кофе Dallmayr Crema Prodomo в зернах, 1кг",2 229,,EGOISTE,https://online.metro-cc.ru/products/dallmayr-crema-prodomo-v-zernah-1000-g
 530968,"Кофе Lavazza Espresso Italiano Classico молотый, 250г",649,,RIOBA,https://online.metro-cc.ru/products/lavazza-naturalnyj-zharenyj-espresso-250g
 76039,"Кофе Carte Noire Instinct растворимый, 95г",449,519,JACOBS,https://online.metro-cc.ru/products/art_260443
 407889,"RIOBA Кофе Espresso Decaffeeinated в зернах без кофеина, 500г",879,,BUSHIDO,https://online.metro-cc.ru/products/rioba-v-zernah-naturalnyj-zharenyj-espresso-decaffeeinated-500g
 611606,"Кофе Poetti Daily Classic Crema в зернах, 1кг",1 599,,ILLY,https://online.metro-cc.ru/products/1kg-kofe-poetti-daily-classic-crema-v-zernah
 508641,"Кофе Lebo Classic молотый для турки, 200г",219,262,EGOISTE,https://online.metro-cc.ru/products/200g-lebo-classic-dlya-turki
 123862,"Кофе в капсулах Jacobs Espresso №7 Classico для кофемашин Nespresso 10шт, 52г",279,329,KIMBO,https://online.metro-cc.ru/products/jacobs-espresso-7-classico-10sht
 112990,"Кофе Egoiste гранд крю в зернах, 1кг",2 299,,CARRARO,https://online.metro-cc.ru/products/kofe-v-zernah-egoiste-grand-kryu-1kg
 599512,"Кофе Jacobs Espresso жареный в зернах, 1кг",1 249,1 489,AMBASSADOR,https://online.metro-cc.ru/products/jacobs-espresso-zernovoj-1kg
 59006,"Напиток кофейный Nescafe Strong 3в1 20 пакетиков, 290г",259,319,EGOISTE,https://online.metro-cc.ru/products/20x145g-kofejnyj-napitok-nescafe-3v1-krepkij
 221909,"Кофе Egoiste Very Special растворимый сублимированный, 100г",699,1 099,LEBO,https://online.metro-cc.ru/products/egoiste-sublimirovannyj-very-special-100g
 223118,"Напиток кофейный Jacobs 3в1 Классический 50 пакетиков, 675г",589,779,ABSOLUT,https://online.metro-cc.ru/products/napitok-kofeynyy-jacobs-3v1-klassicheskiy-50x135g
 220013,"RIOBA Кофе в капсулах Forte для кофемашин Nespresso 11шт, 55г",299,,JULIUS MEINL,https://online.metro-cc.ru/products/rioba-dlya-kofemashin-forte-11x5g
 74090,"Кофе Carte Noire Original растворимый сублимированный, 190г",979,1 129,JACOBS,https://online.metro-cc.ru/products/carte-noire-sublimirovannyj-original-190g
 59004,"Кофе в капсулах Jardin Allonge Smooth&Silky для кофемашин Nespresso 10шт, 50г",279,409,BUSHIDO,https://online.metro-cc.ru/products/10h5g-jardin-allonge
 226523,"Кофе в капсулах Jardin Vivo Mild&Fruity для кофемашин Nespresso 10шт, 50г",279,409,MACCOFFEE,https://online.metro-cc.ru/products/10h5g-jardin-vivo
 528358,"Кофе Bushido Red Katana молотый, 227г",509,,BUSHIDO,https://online.metro-cc.ru/products/art_59004
 581767,"Кофе Lavazza Expert Gusto Pieno в зернах, 1кг",1 829,,CARTE NOIRE,https://online.metro-cc.ru/products/1kg-kofe-lavazza-expert-gusto-pieno-v-zernah
 230293,"Кофе Egoiste Velvet молотый, 200г",449,509,MONARCH,https://online.metro-cc.ru/products/egoiste-velvet-200g
 665877,"Кофе в капсулах Absolut Drive Cappuccino with milk для кофемашин Dolce Gusto 16шт, 184г",359,429,AMBASSADOR,https://online.metro-cc.ru/products/8shth6g8shth17g-kofe-absolut-kapuchino-kapsuly-dg
 530967,"Кофе Alta Roma Vero в зернах, 1кг",1 199,1 459,RIOBA,https://online.metro-cc.ru/products/kofe-alta-roma-vero-v-zernakh-1kg
 119136,"RIOBA Кофе в капсулах Intenso для кофемашин Nespresso 11шт, 55г",299,,JARDIN,https://online.metro-cc.ru/products/rioba-dlya-kofemashin-intenso-11x5g
 655858,"Кофе Kimbo Caffe Crema Dolce Medium в зернах, 1кг",2 159,,JACOBS,https://online.metro-cc.ru/products/1kg-kimbo-caffe-crema-dolce-medium
 32458,"Кофе Fresco Liberty в зернах, 900г",1 499,,LAVAZZA,https://online.metro-cc.ru/products/900g-kofe-fresco-liberty-zerno
 8415,"Кофе Origo Kaffee Klassik Barista Espresso в зернах, 1кг",2 319,,NESCAFE,https://online.metro-cc.ru/products/v-zernah-origo-klassik-kaffee-barista-espresso-1-kg
 59569,"Кофе Julius Meinl Trend Collection Espresso Classico в зернах, 1кг",2 319,,ILLY,https://online.metro-cc.ru/products/julius-meinl-espresso-trend-1kg
 629008,"Кофе Carte Noire Privilege сублимированный, 95г",449,509,KIMBO,https://online.metro-cc.ru/products/carte-noire-privilege-sublimirovannyj-95-g
 59003,"Кофе Egoiste Noir растворимый, 70г",299,309,BUSHIDO,https://online.metro-cc.ru/products/egoiste-noir-70g
 654818,"RIOBA Кофе в капсулах Armonioso для кофемашин Nespresso 11шт, 55г",299,,JULIUS MEINL,https://online.metro-cc.ru/products/rioba-dlya-kofemashin-armonioso-10x5g
 133439,"Кофе Egoiste Special растворимый сублимированный с молотым, 100г",799,999,RIOBA,https://online.metro-cc.ru/products/egoiste-sublimirovannnyj-s-molotym-special-100g
 119139,"Кофе Bushido Black Katana растворимый, 100г",849,909,JARDIN,https://online.metro-cc.ru/products/bushido-sublimirovannyj-black-katana-100g
 365548,"Кофе в капсулах Lebo Espresso Crema для кофемашин Nespresso 40 шт, 220г",1 299,,ALTA ROMA,https://online.metro-cc.ru/products/40shth55g-kofe-lebo-espresso-crema-banka
 132207,"Кофе в капсулах Tassimo Jacobs Cappuccino для кофемашин Tassimo 16шт (8 эспрессо 8 молочных), 260г",489,579,JACOBS,https://online.metro-cc.ru/products/tassimo-cappuccino-classico-8-8sht
 654489,"Кофе в капсулах L’or Espresso Delizioso для кофемашин Nespresso 10шт, 52г",529,,ORIGO,https://online.metro-cc.ru/products/lor-espresso-delizioso-52-g
 124058,"Кофе в капсулах Julius Meinl Ristretto Intenso Bio для кофемашин Nespresso 10шт, 56г",619,,NESCAFE,https://online.metro-cc.ru/products/julius-meinl-ristretto-kapuchino-v-biorazlive-56g-10
 227972,"Кофе в капсулах Absolut Drive Latte Macchiato with caramel для кофемашин Dolce Gusto 16шт, 168г",359,429,FRESCO,https://online.metro-cc.ru/products/8shth6g8shth15g-kofe-absolut-latte-karamel-kapsuly-dg
 77948,"Кофе Nescafe Classic растворимый, 320г",439,469,JULIUS MEINL,https://online.metro-cc.ru/products/320g-nescafe-classic-paket
 376494,"aro Кофе натуральный жареный молотый, 500г",409,,KIMBO,https://online.metro-cc.ru/products/500g-kofe-aro-molotyy
 219223,"Кофе Jacobs Barista Editions Italiano в зернах, 800г",1 199,1 439,COFERIUM,https://online.metro-cc.ru/products/800g-kofe-jacobs-barista-editions-italiano-zernovoy
 119132,"Кофе Fresco Arabica Solo растворимый, 100г",249,297,ЖОКЕЙ,https://online.metro-cc.ru/products/fresco-arabika-100g
 494570,"Кофе в капсулах Tassimo Jacobs Americano Classico для кофемашин Tassimo 16шт, 132г",489,579,JARDIN,https://online.metro-cc.ru/products/americano-classico-tassimo-jacobs-16-sht
 44438,"Кофе Lavazza Qualita Oro молотый, 250г",739,,ORIGO,https://online.metro-cc.ru/products/lavazza-naturalnyj-zharenyj-oro-250g-43053
 230302,"Кофе Jardin Kenya Kilimanjaro растворимый, 95г",219,297,MONARCH,https://online.metro-cc.ru/products/jardin-kenya-kilimanjaro-95-g
 218640,"Напиток кофейный Nescafe Classic 3в1 20 пакетиков, 290г",259,319,NESCAFE,https://online.metro-cc.ru/products/20x145g-kofejnyj-napitok-nescafe-3v1-klassik
 230304,"Кофе Kimbo Aroma Gold Arabica в зернах, 1кг",2 799,,MONARCH,https://online.metro-cc.ru/products/kimbo-v-zernah-aroma-gold-arabica-1kg
 218639,"RIOBA Кофе в капсулах Dolce Gusto Capuccino 8 порций 16 капсул, 192г",419,,NESCAFE,https://online.metro-cc.ru/products/192g-kofe-v-kaps-rioba-dolce-gusto-cappuccino
 112992,"Кофе Origo Cafe Crema в зернах, 1кг",1 849,,EGOISTE,https://online.metro-cc.ru/products/art_624869
 101497,"Набор подарочный Monarch Original Кофе+чашка растворимый, 95г",499,,JARDIN,https://online.metro-cc.ru/products/95g-pn-kofechashka-monarch-original-rastvorimyy
 224714,"Кофе Carraro Arabica 100% в зернах, 500г",1 269,,MONARCH,https://online.metro-cc.ru/products/v-zernah-carraro-arabica-100-500-g
 534998,"Кофе Monarch Milligrano растворимый с молотым, 90г",329,349,ЖОКЕЙ,https://online.metro-cc.ru/products/kofe-monarch-milligrano-rastvorimyy-s-molotym-90g
 666412,"Кофе Julius Meinl Президент в зернах, 500г",919,,CARTE NOIRE,https://online.metro-cc.ru/products/julius-meinl-v-zernah-naturalnyj-zharenyj-president-500g
 232416,"Кофе Monarch Original растворимый, 210г",589,,ЖОКЕЙ,https://online.metro-cc.ru/products/kofe-monarch-original-rastvorimyy-210g
 230025,"aro Кофе растворимый сублимированный, 900г",1 639,,ILLY,https://online.metro-cc.ru/products/aro-sublimirovannyj-900g
 637206,"Кофе Lavazza Expert Gusto Forte в зернах, 1кг",1 709,,L'OR,https://online.metro-cc.ru/products/1kg-kofe-lavazza-expert-gusto-forte-v-zernah
 226342,"Кофе Kimbo Intenso в зернах, 1кг",1 659,,LEBO,https://online.metro-cc.ru/products/kimbo-intenso-1kg
 230301,"Кофе Egoiste Noir в зернах, 250г",469,609,MONARCH,https://online.metro-cc.ru/products/egoiste-naturalnyj-zharenyj-v-zernah-noir-250g
 407891,"Кофе Jardin Colombia Supremo натуральный жареный в зернах, 1кг",2 309,,EGOISTE,https://online.metro-cc.ru/products/jardin-v-zernah-naturalnyj-zharenyj-colombia-supremo-1kg
 101496,"Кофе Origo Grande Barista в зернах, 1кг",2 499,,JARDIN,https://online.metro-cc.ru/products/art_624874
 459905,"Кофе Egoiste Captain в зернах, 1кг",2 519,,ЧЕРНАЯ КАРТА,https://online.metro-cc.ru/products/1kg-kofe-egoiste-captain-v-zernah
 287770,"Кофе Jacobs Millicano молотый в растворимом, 75г",229,239,RIOBA,https://online.metro-cc.ru/products/jacobs-monarch-molotyj-millicano-75g
 448263,"Кофе Dallmayr Espresso d`Oro в зернах, 1кг",2 299,,JACOBS,https://online.metro-cc.ru/products/art_44940
 59570,"Кофе Egoiste Velvet в зернах, 200г",449,549,ILLY,https://online.metro-cc.ru/products/egoiste-velvet-200-g
 201559,"Кофе Nescafe Gold растворимый, 190г",879,,JACOBS,https://online.metro-cc.ru/products/nescafe-sublimirovannyj-gold-190g
 104612,"Кофе Monarch Gold растворимый, 95г",449,,JULIUS MEINL,https://online.metro-cc.ru/products/95g-kofe-monarch-gold-rastvorimyy-st
 226345,"Кофе Жокей Триумф растворимый сублимированный, 150г",249,297,LEBO,https://online.metro-cc.ru/products/zhokej-sublimirovannyj-triumf-150g
 44332,"Кофе Dallmayr Ethiopia в зернах, 500г",1 359,,EGOISTE,https://online.metro-cc.ru/products/molotyj-dallmayr-efiopiya-500g
 624874,"Кофе Illy средней обжарки в зернах, 250г",1 090,1 499,ORIGO,https://online.metro-cc.ru/products/v-zernah-illy-srednej-obzharki-250g
 43053,"Кофе Bushido Sensei молотый, 227г",739,,LAVAZZA,https://online.metro-cc.ru/products/art_59002
 439335,"Кофе в капсулах Jardin Ristretto Intense&Full Bodied для кофемашин Nespresso 10шт, 50г",279,409,FRESCO,https://online.metro-cc.ru/products/10h5g-jardin-ristretto
 232417,"Кофе Julius Meinl Юбилейный в зернах, 500г",969,,JARDIN,https://online.metro-cc.ru/products/julius-meinl-v-zernah-naturalnyj-zharenyj-jubileum-500g
 206309,"Кофе Poetti Daily Arabica в зернах, 1кг",1 909,,ORIGO,https://online.metro-cc.ru/products/1kg-kofe-poetti-daily-arabica-v-zernah
 226337,"Кофе Жокей Ирландские сливки молотый, 150г",309,,CARTE NOIRE,https://online.metro-cc.ru/products/150g-zhokej-irlandskie-slivki-mol
 423210,"Кофе Lavazza Qualita Rossa молотый, 250г",559,,FRESCO,https://online.metro-cc.ru/products/lavazza-rossa-250g
 125674,"Кофе Lebo Classic Extra молотый для турки, 100г",129,140,LEBO CLASSIC,https://online.metro-cc.ru/products/100g-lebo-extra-dlya-turki
 624869,"Кофе Fresco Arabica Blend натуральный растворимый, 100г",249,297,ORIGO,https://online.metro-cc.ru/products/fresco-naturalnyj-arabica-blend-100g
 598959,"Кофе Ambassador Platinum растворимый, 190г",529,639,EGOISTE,https://online.metro-cc.ru/products/ambassador-platinum-190g
 218717,"Кофе в капсулах Absolut Drive Espresso Original для кофемашин Dolce Gusto16шт, 96г",359,429,POETTI,https://online.metro-cc.ru/products/16shth6g-kofe-absolut-espresso-kapsuly-dg
 119135,"Кофе в капсулах Lebo Espresso Collection для кофемашин Nespresso 40шт, 220г",1 469,,JARDIN,https://online.metro-cc.ru/products/40shth55g-kofe-lebo-espresso-collection-banka
 228440,"Кофе Carraro Crema Italiano в зернах, 1кг",1 749,,VERLE,https://online.metro-cc.ru/products/v-zernah-caffe-carraro-crema-italiano-1-kg
 223097,"Кофе Fresco Arabica Solo растворимый, 190г",619,,ABSOLUT,https://online.metro-cc.ru/products/kofe-fresco-arabica-solo-rastvorimyy-190g
 221905,"Напиток кофейный Nescafe Cappuccino порционный растворимый (18г x 20шт), 360г",419,589,CARRARO,https://online.metro-cc.ru/products/20shth18g-kofeynyy-nap-nescafe-kapuchino-ports-rastv
 230024,"Кофе Julius Meinl Melange Венская коллекция молотый, 220г",549,739,ILLY,https://online.metro-cc.ru/products/kofe-julius-meinl-melange-venskaya-kollektsiya-molotyy-220g
 459849,"Кофе Bushido Red Katana растворимый сублимированный, 100г",789,859,JARDIN,https://online.metro-cc.ru/products/art_508637
 228421,"Кофе Monarch Лесной орех растворимый, 95г",509,,VERLE,https://online.metro-cc.ru/products/95g-kofe-monarch-lesnoy-oreh-rastvorimyy-st
 221902,"Кофе Monarch карамель растворимый, 95г",509,,CARRARO,https://online.metro-cc.ru/products/95g-kofe-monarch-karamel-rastvorimyy-st
 70170,"Кофе Bushido Sensei в зернах, 227г",599,,NESCAFE,https://online.metro-cc.ru/products/bushido-sensei-227g
 228419,"Кофе Monarch Day&Night декофеинизированный растворимый, 95г",339,389,VERLE,https://online.metro-cc.ru/products/kofe-monarch-daynight-dekofeinizirovannyy-rastvorimyy-95g
 224712,"Кофе в капсулах Lebo Espresso Italiano для кофемашин Nespresso 40шт, 220г",1 299,,MONARCH,https://online.metro-cc.ru/products/40shth55g-kofe-lebo-espresso-italiano-banka
 228285,"Напиток кофейный MacCoffee Latte карамель порционный (22г x 20шт), 440г",309,,EGOISTE,https://online.metro-cc.ru/products/20shth22g-kofe-maccoffee-latte-karamel-portsionnyy
 221911,"Кофе Illy Brazil arabica selection в зернах, 250г",1 090,1 499,LEBO,https://online.metro-cc.ru/products/illy-arabika-250-g
 561302,"Кофе Jardin Eclair в зернах, 1кг",1 399,,JARDIN,https://online.metro-cc.ru/products/jardin-eclair-1000g
 611603,"Кофе Illy без кофеина молотый, 250г",1 399,,ILLY,https://online.metro-cc.ru/products/kofe-illy-bez-kofeina-molotyy-250g
 426452,"Кофе Jardin Dessert Capuccino в зернах, 1кг",1 399,,JACOBS,https://online.metro-cc.ru/products/jardin-dessert-capuccino-1000g
 226339,"Кофе Fort в зернах, 1кг",699,,LEBO,https://online.metro-cc.ru/products/1kg-kofe-fort-zerno
 463833,"Кофе Illy темная обжарка молотый, 250г",1 379,1 569,AMBASSADOR,https://online.metro-cc.ru/products/illy-temnaya-obzharka-250g
 133724,"Кофе Carte Noire Voyage au Bresil растворимый, 90г",459,509,NESCAFE,https://online.metro-cc.ru/products/90g-kofe-carte-noire-voyage-au-bresil-rastvorimyy-stb
 100813,"Кофе Bushido Light Katana растворимый, 100г",899,,JULIUS MEINL,https://online.metro-cc.ru/products/100g-kofe-bushido-light-katana-rastvorimyy
 214904,"Кофе Жокей крепкий растворимый 3в1 (12г x 50шт), 600г",439,,FRESCO,https://online.metro-cc.ru/products/50shth12g-kofe-zhokey-krepkiy-3v1-rastvorimyy
 104610,"Кофе Черная Карта Gold растворимый, 190г",429,569,JULIUS MEINL,https://online.metro-cc.ru/products/chernaya-karta-gold-190g
 227973,"Кофе Nescafe Classic растворимый, 95г",179,214,FRESCO,https://online.metro-cc.ru/products/nescafe-classic-naturalnyj-st-b-95g
 88215,"Кофе Egoiste Espresso натуральный молотый жареный, 250г",489,,JULIUS MEINL,https://online.metro-cc.ru/products/art_553579
 611605,"Кофе Julius Meinl Юбилейный молотый, 250г",579,,ILLY,https://online.metro-cc.ru/products/yubilejnyj-julius-meinl-250-g
 221904,"Кофе Dallmayr Prodomo молотый, 250г",599,,CARRARO,https://online.metro-cc.ru/products/dallmayr-prodomo-250-g
 226933,"Кофе в капсулах Lebo Cappuccino для кофемашин Dolce Gusto 16шт, 172г",849,,CARRARO,https://online.metro-cc.ru/products/8shth65g8shth15g-kofe-lebo-cappuccino-v-kapsulah
 226335,"Кофе Lebo Extra в зернах, 1кг",1 189,,CARTE NOIRE,https://online.metro-cc.ru/products/1kg-kofe-lebo-extra-v-zernah
 384608,"Кофе Jardin Dessert Сup молотый натуральный жареный, 250г",439,,JULIUS MEINL,https://online.metro-cc.ru/products/jardin-naturalnyj-zharenyj-dessert-sup-250g
 634928,"Кофе Kimbo Extra Cream в зернах, 1кг",1 999,,ЧЕРНАЯ КАРТА,https://online.metro-cc.ru/products/kimbo-extra-cream-v-zernah-1-kg
 119130,"Кофе Monarch Gold растворимый, 190г",1 029,,ЖОКЕЙ,https://online.metro-cc.ru/products/kofe-monarch-gold-rastvorimyy-190g
 221908,"Кофе в капсулах Carraro Decerato для кофемашин Nespresso 10шт, 55г",369,399,LEBO,https://online.metro-cc.ru/products/10shtx55g-kofe-carraro-v-alyum-kapsulah-decerato
 226343,"Кофе в капсулах Carraro Intenso для кофемашин Nespresso 10шт, 55г",369,399,LEBO,https://online.metro-cc.ru/products/10shtx55g-kofe-carraro-v-alyum-kapsulah-intenso
 459852,"Кофе в капсулах Julius Meinl Lungo Forte Bio для кофемашин Nespresso 10шт, 56г",619,,ЖОКЕЙ,https://online.metro-cc.ru/products/10h56g-kofe-julius-meinl-lungo-forte-v-biorazl-kaps
 629006,"Напиток кофейный Carte Noire Cappuccino растворимый 20 пакетиков, 300г",689,,KIMBO,https://online.metro-cc.ru/products/20shth15g-nap-kofeynyy-carte-noire-cappuccino-rastv-ports
 226347,"Кофе Monarch Crema растворимый, 95г",599,,CARTE NOIRE,https://online.metro-cc.ru/products/kofe-monarch-crema-rastvorimyy-95g
 615407,"Кофе Kimbo Caffe crema classico light в зернах, 1кг",2 049,,JARDIN,https://online.metro-cc.ru/products/kimbo-dolche-krem-1kg
 221910,"Кофе Julius Meinl без кофеина зерновой, 500г",1 449,1 869,LEBO,https://online.metro-cc.ru/products/kofe-julius-meinl-bez-kofeina-zernovoy-500g
 553579,"Кофе Nescafe Classic Crema растворимый, 190г",509,,EGOISTE,https://online.metro-cc.ru/products/190g-kofe-nescafe-classic-crema-rastvorimyy-st-banka
 218718,"Кофе Kimbo Espresso в зернах, 1кг",1 979,,POETTI,https://online.metro-cc.ru/products/kimbo-espresso-v-zernah-1-kg
 373045,"Кофе Nescafe Classic растворимый порошкообразный с добавлением натурального жареного молотого кофе, 750г",1 799,,ЖОКЕЙ,https://online.metro-cc.ru/products/750g-kofe-nescafe-classic-rastvorimyy
 654817,"Кофе Jardin Colombia Medelin растворимый сублимированный, 150г",499,,JULIUS MEINL,https://online.metro-cc.ru/products/jardin-sublimirovannyj-colombia-medelin-150g
 132215,"Кофе Fresco Arabica blend молотый, 250г",499,,JACOBS,https://online.metro-cc.ru/products/kofe-fresco-arabica-blend-molotyy-250g
 221903,"Кофе Poetti Leggenda Espresso в зернах, 1кг",2 189,,CARRARO,https://online.metro-cc.ru/products/1kg-kofe-poetti-leggenda-espresso-v-zernah
 508637,"Кофе Жокей Империал натуральный растворимый сублимированный, 150г",269,349,BUSHIDO,https://online.metro-cc.ru/products/zhokej-imperial-150g
 658721,"Кофе Verle Decaf в дрип-пакетах 6шт, 66г",449,,KIMBO,https://online.metro-cc.ru/products/6shth11g-kofe-verle-decaf-v-drip-paketah
 637203,"Кофе в капсулах Carraro Dolci arabica для кофемашин Nespresso 10шт, 55г",369,399,L'OR,https://online.metro-cc.ru/products/10shtx55g-kofe-carraro-v-alyum-kapsulah-dolci-arabica
 201564,"Кофе Жокей По-восточному молотый натуральный жареный, 250г",299,,JACOBS,https://online.metro-cc.ru/products/art_373046
 226521,"Кофе Verle Central America в дрип-пакетах 6шт, 66г",419,,MACCOFFEE,https://online.metro-cc.ru/products/6shth11g-kofe-verle-central-america-v-drip-paketah
 44503,"Кофе Egoiste Private растворимый, 100г",849,999,DALLMAYR,https://online.metro-cc.ru/products/100g-kofe-egoiste-private-rastvorimyy
 229159,"Кофе в капсулах Jacobs Espresso №10 Intenso для кофемашин Nespresso 10шт, 52г",279,329,TCHIBO,https://online.metro-cc.ru/products/jacobs-espresso-10-intenso-10sht
 228244,"Кофе Origo Professional Star эспрессо в зернах, 1кг",2 169,,ЖОКЕЙ,https://online.metro-cc.ru/products/1kg-kofe-origo-professional-star-espresso-zerno
 636529,"Кофе Jardin Colombia Medellin растворимый, 240г",829,,EGOISTE,https://online.metro-cc.ru/products/240g-kofe-jardin-colombia-medellin-rastvorimyy
 234393,"Кофе Lebo Classic в зернах, 250г",339,469,JULIUS MEINL,https://online.metro-cc.ru/products/250g-kofe-lebo-classic-v-zernah
 598958,"Кофе Carraro Cafe crema в зернах, 1кг",1 619,,BUSHIDO,https://online.metro-cc.ru/products/1kg-kofe-carraro-caffe-crema-v-zernah
 218711,"Кофе Illy без кофеина в зернах, 250г",1 390,,POETTI,https://online.metro-cc.ru/products/kofe-illy-bez-kofeina-zernovoy-250g
 530965,"Кофе Jacobs Monarch в зернах, 230г",319,329,RIOBA,https://online.metro-cc.ru/products/230g-kofe-jacobs-monarch-zerno
 224735,"Кофе Жокей Caffe Italiano молотый, 250г",349,,MONARCH,https://online.metro-cc.ru/products/art_50642
 226333,"Кофе Жокей классический в зернах, 900г",1 389,,CARTE NOIRE,https://online.metro-cc.ru/products/art_624061
 224734,"Кофе Poetti Daily Mokka в зернах, 1кг",1 599,,MONARCH,https://online.metro-cc.ru/products/1kg-kofe-poetti-daily-mokka-v-zernah
 232413,"Кофе Lebo Gold в зернах, 1кг",1 549,1 789,ЖОКЕЙ,https://online.metro-cc.ru/products/1kg-kofe-lebo-gold-v-zernah
 632120,"Кофе Жокей Фаворит растворимый, 95г",249,,ARO,https://online.metro-cc.ru/products/95g-kofe-zhokey-favorit-rastvorimyy-stb
 228241,"Напиток кофейный MacCoffee Strong 3в1 порционный (16г x 100шт), 1.6кг",1 429,,ЖОКЕЙ,https://online.metro-cc.ru/products/5shth16g-kofe-maccoffee-3v1-strong-portsionnyy
 218855,"Кофе Egoiste Espresso в зернах, 250г",489,589,CARTE NOIRE,https://online.metro-cc.ru/products/egoiste-espresso-250g
 119134,"aro Кофе растворимый сублимированный, ст/б 80г",159,169,JARDIN,https://online.metro-cc.ru/products/sublimirovannyj-aro-80g
 533474,"Кофе Bushido Specialty молотый, 227г",749,,JARDIN,https://online.metro-cc.ru/products/art_75973
 230296,"Кофе Jardin Espresso di Milano натуральный молотый жареный, 250г",459,,MONARCH,https://online.metro-cc.ru/products/jardin-naturalnyj-zharenyj-espresso-di-milano-250g
 227302,"Кофе Illy Guatemala arabica selection в зернах, 250г",1 090,1 499,ЧЕРНАЯ КАРТА,https://online.metro-cc.ru/products/v-zernah-illy-guatemala-zh-b-250-g
 637204,"Кофе в капсулах Julius Meinl Lungo Classico Bio для кофемашин Nespresso 10шт, 56г",619,,L'OR,https://online.metro-cc.ru/products/julius-meinl-lungo-classico-10-56g
 229162,"Напиток кофейный Carte Noire Vanilla latte растворимый 20 пакетиков, 320г",689,,TCHIBO,https://online.metro-cc.ru/products/20shth16g-nap-kofeynyy-carte-noire-vanilla-latte-rastv-ports
 373043,"Кофе Italco Espresso Italiano в зернах, 1кг",1 499,,JARDIN,https://online.metro-cc.ru/products/1kg-kofe-italco-espresso-italiano-v-zernah
 118531,"Кофе Illy средней обжарки молотый, 250г",1 379,1 569,JACOBS,https://online.metro-cc.ru/products/illy-srednej-obzharki-250g
 119137,"Кофе Carte Noire Elegant растворимый, 95г",459,509,JARDIN,https://online.metro-cc.ru/products/95g-kofe-carte-noire-elegant-rastvorimyy-stb
 122025,"Кофе Jardin Oro в зернах, 1кг",2 239,,JACOBS,https://online.metro-cc.ru/products/1kg-kofe-jardin-original-oro-zernovoy
 218716,"Кофе Черная Карта в зернах, 250г",219,299,POETTI,https://online.metro-cc.ru/products/250g-kofe-chernaya-karta-zerno
 79862,"Кофе Lebo Classic молотый для турки, 100г",119,139,TASSIMO,https://online.metro-cc.ru/products/100g-lebo-classic-dlya-turki
 234805,"Кофе Jacobs Monarch растворимый сублимированный, 75г",262,,ЖОКЕЙ,https://online.metro-cc.ru/products/jacobs-monarch-sublimirovannyj-75g
 224739,"Кофе Monarch Intense растворимый, 95г",439,,MONARCH,https://online.metro-cc.ru/products/95g-kofe-monarch-intense-rastvorimyy-st
 122743,"Кофе Lebo Classic в зернах, 1кг",1 249,1 429,NESCAFE,https://online.metro-cc.ru/products/1kg-kofe-lebo-classic-v-zernah
 637202,"Кофе Monarch Original растворимый, 95г",439,,L'OR,https://online.metro-cc.ru/products/95g-kofe-monarch-original-rastvorimyy-st
 666415,"RIOBA Кофе в капсулах Decaffeinato без кофеина для кофемашин Nespresso 11шт, 55г",299,,JULIUS MEINL,https://online.metro-cc.ru/products/rioba-dlya-kofemashin-decaffein-11x5g
 230298,"Кофе в капсулах Lebo Espresso Milky для кофемашин Nespresso 40шт, 220г",1 190,,MONARCH,https://online.metro-cc.ru/products/40shth55g-kofe-lebo-espresso-milky-banka
 133441,"Кофе Dallmayr Classic молотый, 250г",499,,RIOBA,https://online.metro-cc.ru/products/dallmayr-classic-250-g
 224736,"Кофе Jardin Guatemala Atitlan растворимый, 150г",499,,MONARCH,https://online.metro-cc.ru/products/jardin-guatemala-atitlan-150g
 104611,"Кофе Lebo Принц Лебо молотый для турки, 100г",129,,JULIUS MEINL,https://online.metro-cc.ru/products/100g-kofe-lebo-prints-lebo-molotyy-dturki
 599055,"Кофе Nescafe Classic растворимый, 190г",289,297,ЖОКЕЙ,https://online.metro-cc.ru/products/nescafe-classic-paket-190g
 70210,"Кофе Bushido Red Katana в зернах, 227г",579,,NESCAFE,https://online.metro-cc.ru/products/art_59005
 107073,"Кофе в капсулах Verle Classic Mousse для кофемашин Nespresso 10шт, 55г",369,,CARRARO,https://online.metro-cc.ru/products/kofe-verle-classic-mousse-v-kapsulah-55g-x-10sht-55g
 228230,"Кофе Dallmayr Prodomo жареный в зернах, 500г",1 149,,JARDIN,https://online.metro-cc.ru/products/dallmayr-v-zernah-naturalnyj-zharenyj-prodomo-500g
 218712,"Кофе в капсулах L’or Espresso Lungo Profondo для кофемашин Nespresso 10шт, 52г",529,,POETTI,https://online.metro-cc.ru/products/l-rsquoor-lungo-profondo-52-g
 201556,"Напиток кофейный MacCoffee 3в1 со сгущенным молоком порционный (20г x 10шт), 200г",141,,CARTE NOIRE,https://online.metro-cc.ru/products/10shth20g-kofe-maccoffee-3v1-sguschennoe-moloko-portsionnyy
 208701,"Кофе Жокей классический молотый натуральный жареный, 250г",349,,LAVAZZA,https://online.metro-cc.ru/products/zhokej-naturalnyj-zharenyj-klassicheskij-250g
 229954,"Кофе Monarch Velour растворимый, 95г",489,,NESCAFE,https://online.metro-cc.ru/products/kofe-monarch-velour-rastvorimyy-95g
 401114,"Напиток кофейный MacCoffee Capuccino Dolce Vita порционный (24г x 20шт), 480г",309,,TASSIMO,https://online.metro-cc.ru/products/20shth24g-kofe-maccoffee-cappuccino-dolce-vita-portsionnyy
 44940,"Кофе Jardin Americano Crema натуральный жареный молотый, 250г",459,,DALLMAYR,https://online.metro-cc.ru/products/jardin-almericano-crema-naturalnyj-zharenyj-250g
 147698,"Кофе Julius Meinl Король Хадрамаут в зернах, 250г",899,969,ARO,https://online.metro-cc.ru/products/julius-meinl-korol-hadramut-250g
 133789,"Кофе Jardin Gold растворимый, 190г",759,,JACOBS,https://online.metro-cc.ru/products/190g-kofe-jardin-gold-rastvorimyy-stb
 426450,"Кофе Egoiste Velvet растворимый, 95г",899,1 129,CARTE NOIRE,https://online.metro-cc.ru/products/egoiste-velvet-95g
 218856,"Кофе Bushido Kodo растворимый, 95г",899,,CARTE NOIRE,https://online.metro-cc.ru/products/bushido-v-kristallah-kodo-95g
 388183,"Кофе Jacobs Millicano молотый в растворимом, 90г",469,,DALLMAYR,https://online.metro-cc.ru/products/90g-jacobs-millicano-molotyj
 624061,"Кофе Fresco Arabica Blend в зернах, 200г",214,,ЖОКЕЙ,https://online.metro-cc.ru/products/200g-kofe-fresco-arabica-blend-zerno
 226348,"Кофе Jardin Guatemala Atitlan растворимый, 190г",849,,CARTE NOIRE,https://online.metro-cc.ru/products/190g-kofe-jardin-guatemala-atitlan-rastvorimyy-stb
 209743,"Кофе Monarch Milligrano растворимый с добавлением молотого, 120г",559,,EGOISTE,https://online.metro-cc.ru/products/120g-kofe-monarch-miligrano-rastv-c-dob-molotogo
 234392,"Кофе Жокей триумф растворимый (2г x 100шт), 200г",709,,JULIUS MEINL,https://online.metro-cc.ru/products/100shth2g-kofe-zhokey-triumf-rastvorimyy
 125675,"Кофе в капсулах Carte Noire Colombia Origin для кофемашин Nespresso 10шт, 52г",689,,LEBO CLASSIC,https://online.metro-cc.ru/products/10shth52g-kofe-carte-noire-colombia-origin-v-kapsulah
 218720,"Кофе в капсулах Carte Noire Riche Espresso для кофемашин Nespresso 10шт, 52г",689,,POETTI,https://online.metro-cc.ru/products/10shth52g-kofe-carte-noire-riche-espresso-v-kapsulah
 495117,"Кофе Bushido Specialty в зернах, 227г",709,,NESCAFE,https://online.metro-cc.ru/products/bushido-specialty-227g-75962
 228231,"Кофе в капсулах Carte Noire Lungo Profond для кофемашин Nespresso 10шт, 52г",689,,PIAZZA DEL CAFFE,https://online.metro-cc.ru/products/10shth52g-kofe-carte-noire-lungo-profond-v-kapsulah
 218710,"Кофе в капсулах Carraro Ristretto для кофемашин Nespresso 10шт, 55г",369,399,POETTI,https://online.metro-cc.ru/products/10shtx55g-kofe-carraro-v-alyum-kapsulah-ristretto
 420359,"Кофе Jardin Columbia Supremo молотый, 250г",479,,ЖОКЕЙ,https://online.metro-cc.ru/products/250g-jardin-kolumbiya-supremo-mol
 232415,"Кофе Lebo Classic Original жареный в зернах, 100г",119,154,ЖОКЕЙ,https://online.metro-cc.ru/products/100g-kofe-lebo-original-zharenyy-v-zernah
 217498,"Кофе Жокей Gold растворимый, 95г",279,,ЧЕРНАЯ КАРТА,https://online.metro-cc.ru/products/95g-kofe-zhokey-gold-rastvorimyy-stb
 50642,"Кофе Jacobs Day&Night сублимированный без кофеина, 95г",519,,ЖОКЕЙ,https://online.metro-cc.ru/products/kofe-jacobs-dayampnight-sublimirovannyy-bez-kofeina-95g
 482361,"Кофе Tchibo Gold selection растворимый, 150г",529,,AMBASSADOR,https://online.metro-cc.ru/products/150g-kofe-tchibo-gold-selection-rastvorimyy
 76036,"Кофе Tchibo Gold selection растворимый, 95г",399,,JACOBS,https://online.metro-cc.ru/products/95g-kofe-tchibo-gold-selection-rastvorimyy-stb
 459854,"Кофе Carte Noire Original растворимый сублимированный, 75г",690,,JARDIN,https://online.metro-cc.ru/products/art_426443
 228811,"Кофе Jardin Gold растворимый, 240г",859,,FORT,https://online.metro-cc.ru/products/240g-kofe-jardin-gold-rastvorimyy
 209740,"Кофе Жокей По-восточному молотый, 450г",679,,BUSHIDO,https://online.metro-cc.ru/products/450g-zhokej-po-vostochnomu-mol
 228243,"Кофе Жокей Классический молотый, 450г",679,,ЖОКЕЙ,https://online.metro-cc.ru/products/450g-zhokej-klassicheskij-mol
 226350,"Кофе Jacobs Hazelnut с ароматом лесного ореха растворимый, 95г",509,,JACOBS,https://online.metro-cc.ru/products/95g-jacobs-s-aromatom-oreha
 133790,"Кофе Fresco Arabica solo молотый для чашек и турок, 250г",489,,JACOBS,https://online.metro-cc.ru/products/kofe-fresco-arabica-solo-molotyy-dlya-chashek-i-turok-250g
 218854,"Кофе Carte Noire растворимый (1.8г х 26шт), 47г",629,,JACOBS,https://online.metro-cc.ru/products/rastvorimyj-carte-noire-v-paketikah-18g-26
 426443,"Кофе в капсулах Julius Meinl Espresso Crema Bio для кофемашин Nespresso 10шт, 56г",619,,CARTE NOIRE,https://online.metro-cc.ru/products/julius-meinl-espresso-krema-10sht
 59005,"Кофе Jacobs Barista Editions Crema молотый, 230г",629,,BUSHIDO,https://online.metro-cc.ru/products/230g-kofe-jacobs-barista-editions-crema-molotyy
 215059,"Кофе Nescafe Classic растворимый, 190г",509,,JACOBS,https://online.metro-cc.ru/products/190g-kofe-nescafe-classic-rastvorimyy-stekl-banka
 229730,"Кофе Жокей Триумф растворимый, 75г",199,,MONARCH,https://online.metro-cc.ru/products/75g-kofe-zhokey-triumf-rastvorimyy
 228237,"Кофе в капсулах Lebo Latte macchiato для кофемашин Dolce Gusto 16шт, 172г",849,,JARDIN,https://online.metro-cc.ru/products/8shth65g8shth15g-kofe-lebo-latte-macchiato-v-kapsulah
 228240,"Кофе Fresco Arabica blend растворимый, 190г",709,,ЖОКЕЙ,https://online.metro-cc.ru/products/kofe-fresco-arabica-blend-rastvorimyy-190g
 226340,"Кофе Черная Карта молотый для турки, 250г",291,,LEBO,https://online.metro-cc.ru/products/250-kofe-chernaya-karta-molotyy-dlya-turki
 226934,"Кофе в капсулах Jacobs Lungo 8 Intenso для кофемашин Nespresso 10шт, 52г",419,,ITALCO,https://online.metro-cc.ru/products/10shth52g-kofe-jacobs-lungo-8-intenso-v-kapsulah
 544095,"Кофе Poetti Leggenda Original в зернах, 250г",539,,ЖОКЕЙ,https://online.metro-cc.ru/products/250g-kofe-poetti-leggenda-original-v-zernah
 232419,"Кофе в капсулах L’or Espresso Splendente для кофемашин Nespresso 10шт, 52г",529,,JARDIN,https://online.metro-cc.ru/products/lor-espresso-52-g
 95644,"Кофе в капсулах L’or Espresso Forza для кофемашин Nespresso 10шт, 52г",529,,JACOBS,https://online.metro-cc.ru/products/l-rsquoor-espr-forza-52-g
 62187,"Кофе Jacobs Gold растворимый сублимированный, 95г",499,,JULIUS MEINL,https://online.metro-cc.ru/products/jacobs-sublimirovannyj-gold-95g
 228234,"Кофе Monarch Brazilian Selection молотый, 230г",499,,JARDIN,https://online.metro-cc.ru/products/230g-kofe-monarch-brazilian-selection-molotyy
 218714,"Кофе Monarch Original жареный молотый, 230г",509,,POETTI,https://online.metro-cc.ru/products/230g-kofe-monarch-original-zharenyy-molotyy
 57058,"Кофе Carte Noire Original молотый, 230г",449,529,MACCOFFEE,https://online.metro-cc.ru/products/230g-kofe-carte-noire-original-molotyy
 395462,"Кофе Жокей классический 3в1 растворимый (12г x 50шт), 600г",429,499,JULIUS MEINL,https://online.metro-cc.ru/products/kofe-zhokey-klassicheskiy-3v1-rastvorimyy-12g-x-50sht-600g
 44435,"Кофе Verle Africa в дрип-пакетах 6шт, 66г",429,,DALLMAYR,https://online.metro-cc.ru/products/6shth11g-kofe-verle-africa-v-drip-paketah
 226505,"Кофе MacCoffee Arabica растворимый, 100г",259,,MACCOFFEE,https://online.metro-cc.ru/products/100g-kofe-maccoffee-arabica-rastvorimyy-stb
 224709,"Кофе Jardin Gold растворимый, 95г",329,,MONARCH,https://online.metro-cc.ru/products/95g-kofe-jardin-gold-rastvorimyy-stb
 530964,"Кофе Ambassador Platinum растворимый, 150г",399,429,RIOBA,https://online.metro-cc.ru/products/ambassador-platinum-150g
 213623,"Кофе Tchibo Gold selection молотый, 250г",379,,JULIUS MEINL,https://online.metro-cc.ru/products/250g-kofe-tchibo-gold-selection-molotyy
 226338,"Кофе Черная Карта Brasilia Exclusive растворимый сублимированный, 95г",369,,CARTE NOIRE,https://online.metro-cc.ru/products/chernaya-karta-sublimirovannyj-brasilia-exclusive-95g
 373046,"Кофе Jardin Original Oro молотый, 250г",579,,ЖОКЕЙ,https://online.metro-cc.ru/products/250g-kofe-jardin-original-oro-molotyy
 581766,"Кофе MacCoffee Gold растворимый, 100г",247,,CARTE NOIRE,https://online.metro-cc.ru/products/100g-kofe-maccoffee-gold-rastvorimyy-stb
 215682,"Кофе Jardin Колумбия Меделлин растворимый, 75г",249,,JARDIN,https://online.metro-cc.ru/products/75g-kofe-jardin-kolumbiya-medellin-rastvorimyy
 469154,"Кофе Жокей Импер растворимый, 95г",239,,ЧЕРНАЯ КАРТА,https://online.metro-cc.ru/products/art_599055
 226336,"Кофе Жокей Imperial растворимый, 75г",199,,JACOBS,https://online.metro-cc.ru/products/75g-kofe-zhokey-imper-rastvorimyy
 100815,"Кофе Жокей Триумф растворимый сублимированный, 95г",279,,JULIUS MEINL,https://online.metro-cc.ru/products/zhokej-triumf-95g
 226524,"Кофе Alta Roma Caffe Latte молотый, 250г",289,,MACCOFFEE,https://online.metro-cc.ru/products/kofe-alta-roma-caffe-latte-molotiy-250g
 599071,"Кофе Jardin Гватемала Атитлан растворимый, 75г",229,,JARDIN,https://online.metro-cc.ru/products/75g-kofe-jardin-gvatemala-atitlan-rastvorimyy
 228238,"Кофе Jardin Эспрессо ди Милано в зернах, 1кг",1 399,1 479,JARDIN,https://online.metro-cc.ru/products/jardin-v-zernah-naturalnyj-zharenyj-espresso-di-milano-1kg
 598758,"Кофе Poetti Leggenda Original в зернах, 1кг",2 189,,JACOBS,https://online.metro-cc.ru/products/1kg-kofe-poetti-leggenda-original-v-zernah
 119131,"Кофе Egoiste Voyage в зернах, 1кг",2 649,,ЖОКЕЙ,https://online.metro-cc.ru/products/1kg-kofe-egoiste-voyage-v-zernah
 75973,"Кофе Carte Noire Intense Absolu в зернах, 800г",2 199,,BUSHIDO,https://online.metro-cc.ru/products/800g-kofe-carte-noire-intense-absolu-zernovoy
 227974,"Кофе Nescafe Gold растворимый сублимированный, 500г",1 829,,FRESCO,https://online.metro-cc.ru/products/nescafe-sublimirovannyj-gold-500g
 218638,"Кофе в капсулах L’or Espresso Ristretto для кофемашин Nespresso 10шт, 52г",529,,NESCAFE,https://online.metro-cc.ru/products/l-rsquoor-ristretto-52-g
 226522,"Кофе Illy темная обжарка в зернах, 250г",1 090,1 499,MACCOFFEE,https://online.metro-cc.ru/products/v-zernah-illy-temnaya-obzharka-250g
 226346,"Кофе Poetti Leggenda Oro в зернах, 1кг",2 089,,LEBO,https://online.metro-cc.ru/products/1kg-kofe-poetti-leggenda-oro-v-zernah
 633254,"Кофе Nescafe Gold растворимый сублимированный с добавлением натурального жареного молотого кофе, 900г",2 849,,JARDIN,https://online.metro-cc.ru/products/kofe-nescafe-gold-rastvorimiy-sublimirovanniy-s-dobavleniem-naturalnogo-zharenogo-molotogo-kofe-900g
 75962,"Кофе Monarch Brazilian Selection растворимый, 180г",1 029,,BUSHIDO,https://online.metro-cc.ru/products/kofe-monarch-brazilian-selection-rastvorimyy-180g
 230306,"Кофе Kimbo Integrity Bio в зернах, 1кг",2 349,,MONARCH,https://online.metro-cc.ru/products/kimbo-integrity-bio-1-kg
 228291,"Кофе Monarch Milligrano растворимый с молотым, 200г",449,509,EGOISTE,https://online.metro-cc.ru/products/kofe-monarch-milligrano-rastvorimyy-s-molotym-200g
 604157,"Кофе Julius Meinl Президент классическая коллекция в зернах, 250г",409,499,NESCAFE,https://online.metro-cc.ru/products/julius-meinl-president-250g
 636530,"Кофе Nescafe Gold Barista растворимый, 85г",279,329,EGOISTE,https://online.metro-cc.ru/products/nescafe-gold-v-rastvorimom-barista-85g
 637205,"Напиток кофейный MacCoffee The Original coffee mix 3 в 1 растворимый 100 пакетиков, 2кг",1 639,,L'OR,https://online.metro-cc.ru/products/maccoffee-napitok-kofejnyj-porcionnyj-the-original-coffee-mix-3v1-100-20g
 227971,"Напиток кофейный Jacobs 3в1 Крепкий 50 пакетиков, 675г",589,779,FRESCO,https://online.metro-cc.ru/products/napitok-kofeynyy-jacobs-3v1-krepkiy-50x135g
 120797,"Кофе Alta Roma Caffe Latte в зернах, 1кг",919,1 359,JACOBS,https://online.metro-cc.ru/products/kofe-alta-roma-caffe-latte-v-zernakh-1kg
 206308,"Кофе в капсулах Absolut Drive Americano Original для кофемашин Dolce Gusto 16шт, 128г",359,429,ORIGO,https://online.metro-cc.ru/products/16shth8g-kofe-absolut-amerikano-kapsuly-dg
 226334,"Кофе Jacobs Monarch Классический в зернах, 800г",989,1 159,CARTE NOIRE,https://online.metro-cc.ru/products/jacobs-monarch-klassicheskij-v-zernah-800-g
 70176,"Кофе Carte Noire Original растворимый сублимированный, 150г",1 190,,NESCAFE,https://online.metro-cc.ru/products/carte-noire-sublimirovannyj-original-150g
 215436,"RIOBA Кофе в капсулах Dolce Gusto Latte Macciato 8 порций 16 капсул, 192г",419,,LEBO CLASSIC,https://online.metro-cc.ru/products/192g-kofe-v-kaps-rioba-dolce-gusto-latte-macc
 298849,"Кофе Poetti Daily Mokka молотый, 250г",349,,DALLMAYR,https://online.metro-cc.ru/products/250g-kofe-poetti-daily-mokka-molotyy
 228441,"Кофе Monarch Original растворимый, 130г",399,,VERLE,https://online.metro-cc.ru/products/kofe-monarch-original-rastvorimyy-130g
 223096,"Кофе Nescafe Classic растворимый, 500г",1 059,,ABSOLUT,https://online.metro-cc.ru/products/nescafe-classic-paket-500g
 228239,"Кофе Kimbo Superior Blend натуральный жареный в зернах, 1кг",2 109,,JARDIN,https://online.metro-cc.ru/products/kimbo-v-zernah-naturalnyj-zharenyj-superior-blend-1kg
 226341,"Кофе Poetti Leggenda Ruby в зернах, 1кг",2 189,,LEBO,https://online.metro-cc.ru/products/1kg-kofe-poetti-leggenda-ruby-v-zernah
 581769,"Кофе Origo Professional Master эспрессо в зернах, 1кг",2 029,,JACOBS,https://online.metro-cc.ru/products/1kg-kofe-origo-professional-master-espresso-zerno
 228420,"Кофе Monarch Brazilian Selection в зернах, 800г",1 569,,VERLE,https://online.metro-cc.ru/products/800g-kofe-monarch-brazilian-selection-zerno
 226466,"Кофе Carte Noire Crema Delice в зернах, 800г",2 199,,ALTA ROMA,https://online.metro-cc.ru/products/800g-kofe-carte-noire-crema-delice-zerno
 376496,"Кофе Жокей Традиционный в зернах, 900г",1 079,,KIMBO,https://online.metro-cc.ru/products/zhokej-tradicionnyj-900g
 228236,"Кофе Tchibo Gold мокка молотый, 250г",309,,JARDIN,https://online.metro-cc.ru/products/250g-kofe-tchibo-gold-mokka-molotyy
 231667,"Кофе Carraro Qualita Oro в зернах, 500г",1 179,,MONARCH,https://online.metro-cc.ru/products/v-zernah-carraro-qualita-oro-500-g
 230300,"Кофе Jacobs Caramel с ароматом карамели растворимый, 95г",509,,MONARCH,https://online.metro-cc.ru/products/95g-jacobs-s-arom-karameli
 231666,"Кофе Piazza del Caffe Crema Vellutata в зернах, 1кг",1 159,,MONARCH,https://online.metro-cc.ru/products/1kg-kofe-piazza-del-caffe-crema-vellutata-zerno
 226467,"Кофе Черная Карта молотый жареный, 250г",229,289,ALTA ROMA,https://online.metro-cc.ru/products/250g-kofe-chernaya-karta-molotyy-zharenyy
 60434,"Кофе Jardin Kenya Kilimanjaro растворимый сублимированный, 150г",499,,KIMBO,https://online.metro-cc.ru/products/jardin-kenya-kilimanjaro-sublimirovannyj-150g
 616531,"Кофе Жокей Триумф растворимый, 280г",739,,ЖОКЕЙ,https://online.metro-cc.ru/products/280g-kofe-zhokey-triumf-rastvorimyy
 228242,"Кофе Jardin Kenya Kilimanjaro растворимый, 75г",229,,ЖОКЕЙ,https://online.metro-cc.ru/products/75g-kofe-jardin-keniya-kilimandzharo-rastvorimyy
 229166,"Кофе Jacobs Brazilian Selection растворимый, 180г",609,,TCHIBO,https://online.metro-cc.ru/products/180g-kofe-jacobs-brazilian-selection-rastvorimyy
 228235,"Кофе Julius Meinl Prasident молотый, 250г",529,,JARDIN,https://online.metro-cc.ru/products/julius-meinl-president-classic-collection-250g
 59000,"Кофе Jacobs Velour растворимый, 95г",499,,EGOISTE,https://online.metro-cc.ru/products/95g-kofe-jacobs-velour-rastvorimyy-poroshkoobraznyy-stb
 226509,"Кофе в капсулах Verle Classic Decaf для кофемашин Nespresso 10шт, 55г",399,,MACCOFFEE,https://online.metro-cc.ru/products/kofe-verle-classic-decaf-v-kapsulah-55g-x-10sht-55g
 229165,"Кофе Monarch Original растворимый, 47.5г",199,239,TCHIBO,https://online.metro-cc.ru/products/475g-kofe-monarch-original-rastvorimyy-st
 122026,"Кофе Jacobs Monarch растворимый, 270г",1 199,,JACOBS,https://online.metro-cc.ru/products/270g-jacobs-monarch
 224738,"Кофе Жокей Фаворит растворимый гранулированный, 75г",251,,MONARCH,https://online.metro-cc.ru/products/zhokej-favorit-granulirovannyj150-g
 384385,"Кофе Jacobs Monarch растворимый сублимированный, 190г",899,,JACOBS,https://online.metro-cc.ru/products/jacobs-monarch-sublimirovannyj-190g
 112991,"Кофе Жокей триумф растворимый, 450г",1 099,,CARRARO,https://online.metro-cc.ru/products/450g-kofe-zhokey-triumf-rastvorimyy
 611604,"Кофе Jacobs Monarch растворимый сублимированный, 48г",299,,ILLY,https://online.metro-cc.ru/products/jacobs-monarch-sublimirovannyj-475g
