id,Название,Цена со скидкой,Цена без скидки,Бренд,Ссылка
 76039,Кофе Carte Noire Original в зернах 800 г,2 199,,JACOBS,https://online.metro-cc.ru/products/carte-noire-v-zernah-naturalnyj-zharenyj-800g
 104561,"Кофе Nescafe Gold Barista растворимый сублимированный с добавлением натурального молотого кофе, 400г",999,1 699,FRESCO,https://online.metro-cc.ru/products/art_619918
 219223,"Кофе Jacobs Monarch растворимый (1.8г х 26шт), 47г",499,,COFERIUM,https://online.metro-cc.ru/products/jacobs-monarch-26x18g
 44438,"Кофе Nescafe Gold растворимый сублимированный с добавлением натурального жареного молотого кофе, 750г",1 379,2 279,ORIGO,https://online.metro-cc.ru/products/nescafe-s-dobavleniem-naturalnogo-zharenogo-molotogo-gold-750g
 74090,"Кофе Julius Meinl Espresso Gran Aroma в зернах, 1кг",1 949,,JACOBS,https://online.metro-cc.ru/products/1kg-kofe-julius-meinl-espresso-gran-aroma-zerno
 104610,"Кофе Julius Meinl Espresso Deluxe в зернах, 1кг",2 499,,JULIUS MEINL,https://online.metro-cc.ru/products/1kg-kofe-julius-meinl-espresso-deluxe-zerno
 530969,"Кофе Coferium Gold selection в зернах, 1кг",1 599,,RIOBA,https://online.metro-cc.ru/products/1kg-kofe-coferium-gold-selection-v-zernah
 123862,"Кофе Coferium Strong в зернах, 1кг",1 199,,KIMBO,https://online.metro-cc.ru/products/1kg-kofe-coferium-strong-v-zernah
 228781,"Кофе Coferium White roast в зернах, 1кг",1 599,,FRESCO,https://online.metro-cc.ru/products/1kg-kofe-coferium-white-roast-v-zernah
 219222,"Кофе Julius Meinl Cafe Crema Gourmet в зернах, 1кг",1 949,,COFERIUM,https://online.metro-cc.ru/products/1kg-kofe-julius-meinl-cafe-crema-gourmet-zerno
 119138,"Кофе Bushido Original растворимый, 100г",659,679,JARDIN,https://online.metro-cc.ru/products/bushido-sublimirovannyj-original-100g
 654817,"Кофе Ambassador Nero Espresso Roast в зернах, 1кг",739,789,JULIUS MEINL,https://online.metro-cc.ru/products/ambassador-v-zernah-naturalnyj-zharenyj-nero-1kg
 32457,"Кофе Bushido Red Katana в зернах, 1кг",1 699,2 139,LAVAZZA,https://online.metro-cc.ru/products/bushido-red-1000g
 102232,"Кофе Fresco Blend в зернах, 1кг",1 090,1 269,AMBASSADOR,https://online.metro-cc.ru/products/fresco-blend-1000g
 260443,"RIOBA Кофе в зернах натуральный жареный 100% арабика Espresso, 1кг",1 679,,CARTE NOIRE,https://online.metro-cc.ru/products/rioba-v-zernah-naturalnyj-zharenyj-100-arabika-espresso-1kg
 218719,"Кофе Monarch Original растворимый, 500г",1 049,1 549,POETTI,https://online.metro-cc.ru/products/kofe-monarch-original-rastvorimyy-500g
 666412,"Кофе Egoiste трюфель крема в зернах, 1кг",1 549,1 639,CARTE NOIRE,https://online.metro-cc.ru/products/kofe-v-zernah-egoiste-tryufel-krema-1kg
 44332,"Кофе Ambassador Platinum в зернах, 1кг",1 119,1 489,EGOISTE,https://online.metro-cc.ru/products/ambassador-naturalnyj-zharenyj-platinum-1kg
 224846,"Кофе Fresco Arabica Solo в зернах, 1кг",1 090,1 269,MACCOFFEE,https://online.metro-cc.ru/products/fresco-arabica-solo-v-zernah-1000-g
 59004,"Кофе Nescafe Classic Crema растворимый, 95г",179,214,BUSHIDO,https://online.metro-cc.ru/products/nescafe-classic-crema-95-g
 59409,"Кофе Egoiste Arabica Premium натуральный жареный в зернах, 1кг",2 029,,FRESCO,https://online.metro-cc.ru/products/egoiste-v-zernah-naturalnyj-zharenyj-arabica-premium-1kg
 609222,"Кофе Julius Meinl Сaffe Crema Premium Collection в зернах, 1кг",1 999,,RIOBA,https://online.metro-cc.ru/products/julius-meinl-krema-premium-1kg
 433965,"RIOBA Кофе в зернах натуральный жареный Silver, 1кг",1 329,,NESCAFE,https://online.metro-cc.ru/products/rioba-v-zernah-naturalnyj-zharenyj-silver-1kg
 287769,"Кофе Alta Roma Espresso в зернах, 1кг",999,1 079,RIOBA,https://online.metro-cc.ru/products/kofe-alta-roma-espresso-v-zernakh-1kg
 133725,"Кофе Lavazza Crema e Aroma натуральный жареный в зернах, 1кг",2 519,,NESCAFE,https://online.metro-cc.ru/products/lavazza-v-zernah-naturalnyj-zharenyj-crema-e-aroma-1kg
 62828,"Кофе Lavazza Qualita Oro натуральный жареный в зернах, 1кг",2 539,,JULIUS MEINL,https://online.metro-cc.ru/products/v-zernah-lavazza-naturalnyj-zharenyj-qualita-oro-1kg
 107074,"Кофе Nescafe Classic растворимый порошкообразный с добавлением натурального жареного молотого кофе, 900г",999,1 859,CARRARO,https://online.metro-cc.ru/products/900g-nescafe-classic
 104612,"Кофе Julius Meinl Espresso Premium Collection в зернах, 1кг",2 179,,JULIUS MEINL,https://online.metro-cc.ru/products/v-zernah-julius-meinl-espresso-premium-kollekciya-1000g
 531031,"Кофе Lavazza Qualita Oro молотый, 250г",619,,ALTA ROMA,https://online.metro-cc.ru/products/lavazza-naturalnyj-zharenyj-oro-250g
 654489,"Кофе Ambassador Gold Label в зернах, 1кг",1 290,1 649,ORIGO,https://online.metro-cc.ru/products/ambassador-gold-label-v-zernah-1000g
 580564,"Кофе Jardin Bravo Бразилия в зернах, 1кг",1 339,2 349,EGOISTE,https://online.metro-cc.ru/products/jardin-bravo-braziliya-1kg
 208702,"Кофе Fresco Horeca arabica в зернах, 1кг",1 099,1 749,LAVAZZA,https://online.metro-cc.ru/products/1kg-kofe-fresco-horeca-arabica-zerno
 132207,"Кофе Bushido Black Katana в зернах, 1кг",1 899,2 699,JACOBS,https://online.metro-cc.ru/products/kofe-zernovoj-bushido-black-katana-1000g
 590985,"RIOBA Кофе в зернах натуральный жареный 80:20, 1кг",1 529,,EGOISTE,https://online.metro-cc.ru/products/rioba-v-zernah-naturalnyj-zharenyj-gold-1kg
 119136,"Кофе Jacobs Crema в зернах, 1кг",1 249,1 489,JARDIN,https://online.metro-cc.ru/products/jacobs-crema-zernovoj-1kg
 561302,"Кофе Lavazza Crema e Gusto Classico молотый, 250г",439,,JARDIN,https://online.metro-cc.ru/products/lavazza-naturalnyj-zharenyj-crema-e-gusto-250g
 287770,"RIOBA Кофе в капсулах Cremoso для кофемашин Nespresso 11шт, 55г",299,,RIOBA,https://online.metro-cc.ru/products/rioba-dlya-kofemashin-cremoso-11x5g
 599512,"Кофе Nescafe Gold растворимый, 190г",429,449,AMBASSADOR,https://online.metro-cc.ru/products/nescafe-gold-190g
 133789,"Кофе Alta Roma Intenso в зернах, 1кг",1 249,1 399,JACOBS,https://online.metro-cc.ru/products/kofe-alta-roma-intenso-v-zernakh-1kg
 530966,"Кофе Egoiste Double Espresso, 100г",399,669,RIOBA,https://online.metro-cc.ru/products/egoiste-double-espresso-100g
 654819,"RIOBA Кофе в капсулах Delicato для кофемашин Nespresso 11шт, 55г",299,,JULIUS MEINL,https://online.metro-cc.ru/products/rioba-dlya-kofemashin-delicato-10x5g
 59006,"Кофе Egoiste Platinum, 100г",799,829,EGOISTE,https://online.metro-cc.ru/products/egoiste-platinum-100-g
 220013,"Кофе Lavazza Caffe Espresso натуральный жареный в зернах, 1кг",2 599,,JULIUS MEINL,https://online.metro-cc.ru/products/v-zernah-lavazza-naturalnyj-zharenyj-caffe-espresso-1kg
 119135,"Кофе Julius Meinl Caffe Crema Intenso Trend Collection в зернах, 1кг",1 839,,JARDIN,https://online.metro-cc.ru/products/v-zernah-julius-meinl-krema-intenso-trend-kollekciya-1000g
 530967,"Кофе Origo Imperial Wiener Mischung в зернах, 1кг",2 899,,RIOBA,https://online.metro-cc.ru/products/art_44438
 655858,"Кофе Lavazza Expert Crema-Aroma в зернах, 1кг",2 359,,JACOBS,https://online.metro-cc.ru/products/1kg-kofe-lavazza-expert-cremaaroma-v-zernah
 642122,"Кофе Julius Meinl Юбилейный классическая коллекция в зернах, 1кг",1 999,,NESCAFE,https://online.metro-cc.ru/products/yubilejnyj-julius-meinl-1000g
 228292,"Кофе Julius Meinl Юбилейный в зернах, 250г",549,,EGOISTE,https://online.metro-cc.ru/products/julius-meinl-yubilejnyj-250g
 226465,"Кофе Egoiste Noir молотый, 250г",469,569,ALTA ROMA,https://online.metro-cc.ru/products/egoiste-naturalnyj-zharenyj-250g
 226397,"Кофе Ambassador Blue Label в зернах, 1кг",1 399,1 699,МОСКОВСКАЯ КОФЕЙНЯ НА ПАЯХЪ,https://online.metro-cc.ru/products/ambassador-blue-label-zernovoj-1000-g
 469363,"Кофе Черная Карта в зернах, 1кг",919,1 149,JARDIN,https://online.metro-cc.ru/products/chernaya-karta-paketirovannyj-1kg
 665877,"Кофе Московская кофейня на паяхъ Арабика растворимый сублимированный, 95г",359,559,AMBASSADOR,https://online.metro-cc.ru/products/moskovskaya-kofejnya-na-payah-sublimirovannyj-arabika-95g
 655857,"Кофе Monarch Original растворимый, 190г",579,,JACOBS,https://online.metro-cc.ru/products/190g-kofe-monarch-original-rastvorimyy-st
 112993,"Напиток кофейный Nescafe Mild 3в1 20 пакетиков, 290г",259,319,EGOISTE,https://online.metro-cc.ru/products/20x145g-kofejnyj-napitok-nescafe-3v1-myagkij
 75654,"Кофе Egoiste Espresso в зернах, 1кг",2 469,,CARTE NOIRE,https://online.metro-cc.ru/products/egoiste-espresso-1000g
 220015,"Кофе Jardin Guatemala Atitlan натуральный растворимый, 95г",219,297,JULIUS MEINL,https://online.metro-cc.ru/products/jardin-guatemala-atitlan-naturalnyj-95-g
 119137,"Набор кофе в капсулах Coffesso для кофемашин Nespresso ассорти 50шт, 250г",1 199,1 329,JARDIN,https://online.metro-cc.ru/products/coffesso-nabor-v-kapsulah-50-sht-h-5-g
 546341,"Кофе Dallmayr Crema d'Oro натуральный жареный в зернах, 1кг",2 199,,AMBASSADOR,https://online.metro-cc.ru/products/dallmayr-v-zernah-naturalnyj-zharenyj-crema-d-039oro-1kg
 79862,"Кофе Jacobs Barista Crema в зернах, 800г",1 199,1 439,TASSIMO,https://online.metro-cc.ru/products/kofe-jacobs-barista-crema-zernovoy-800g
 230302,"Кофе Московская кофейня на паяхъ Суаре растворимый сублимированный, 95г",279,409,MONARCH,https://online.metro-cc.ru/products/moskovskaya-kofejnya-na-payah-sublimirovannyj-suare-95g
 133726,"Кофе Egoiste Truffle молотый, 250г",449,659,NESCAFE,https://online.metro-cc.ru/products/250g-kofe-egoiste-truffle-molotyy
 230303,"Кофе Julius Meinl Президент классическая коллекция в зернах, 1кг",2 029,,MONARCH,https://online.metro-cc.ru/products/julius-meinl-prezident-1000g
 508640,"Кофе в капсулах Jardin Vanillia Rich&Sweet для кофемашин Nespresso 10шт, 50г",279,409,EGOISTE,https://online.metro-cc.ru/products/10h5g-jardin-vanillia
 629014,"Кофе MacCoffee Capuccino Di torino растворимый (25.5г x 20шт), 510г",399,489,KIMBO,https://online.metro-cc.ru/products/20shtx255g-kofe-maccoffee-cappuccino-di-torino-rastv
 469362,"Кофе Jardin Americano Crema в зернах, 1кг",1 399,1 599,JARDIN,https://online.metro-cc.ru/products/jardin-americano-crema-1000-g
 228778,"Кофе Julius Meinl Эспрессо в зернах, 500г",1 549,,FRESCO,https://online.metro-cc.ru/products/julius-meinl-v-zernah-naturalnyj-zharenyj-president-grande-espresso-500g
 407891,"Кофе в капсулах Jardin Andante Strong&Velvet для кофемашин Nespresso 10шт, 50г",279,409,EGOISTE,https://online.metro-cc.ru/products/10h5g-jardin-andante
 427833,"aro Кофе 3в1 классик (100 пакетиков x 16г), 1.6кг",759,,LAVAZZA,https://online.metro-cc.ru/products/aro-3v1-klassik-100h16g
 133439,"Кофе Jardin Colombia Medellin натуральный растворимый сублимированный, 95г",219,297,RIOBA,https://online.metro-cc.ru/products/jardin-naturalnyj-sublimirovannyj-colombia-medellin-95g
 635596,"Кофе Nescafe Gold растворимый, 95г",279,329,JARDIN,https://online.metro-cc.ru/products/nescafe-gold-steklo-95g-415027
 456926,"Кофе Egoiste Noir растворимый сублимированный, 100г",469,669,DALLMAYR,https://online.metro-cc.ru/products/egoiste-sublimirovannyj-noir-100g
 598959,"Кофе Fresco Arabica Doppio молотый в растворимом, 100г",249,297,EGOISTE,https://online.metro-cc.ru/products/fresco-naturalnyj-s-dobavleniem-naturalnogo-zharenogo-molotogo-arabica-doppio-100g
 632162,"Кофе Carraro Primo Mattino в зернах, 1кг",1 669,,ARO,https://online.metro-cc.ru/products/v-zernah-carraro-primo-mattino-1-kg
 530968,"Кофе Monarch Original растворимый, 270г",899,1 199,RIOBA,https://online.metro-cc.ru/products/kofe-monarch-original-rastvorimyy-270g
 72873,"Кофе Dallmayr Crema Prodomo в зернах, 1кг",2 229,,EGOISTE,https://online.metro-cc.ru/products/dallmayr-crema-prodomo-v-zernah-1000-g
 654818,"Кофе Lavazza Espresso Italiano Classico молотый, 250г",649,,JULIUS MEINL,https://online.metro-cc.ru/products/lavazza-naturalnyj-zharenyj-espresso-250g
 125676,"Кофе Carte Noire Instinct растворимый, 95г",449,519,LEBO CLASSIC,https://online.metro-cc.ru/products/art_260443
 494570,"RIOBA Кофе Espresso Decaffeeinated в зернах без кофеина, 500г",879,,JARDIN,https://online.metro-cc.ru/products/rioba-v-zernah-naturalnyj-zharenyj-espresso-decaffeeinated-500g
 223118,"Кофе Poetti Daily Classic Crema в зернах, 1кг",1 599,,ABSOLUT,https://online.metro-cc.ru/products/1kg-kofe-poetti-daily-classic-crema-v-zernah
 586897,"Кофе Lebo Classic молотый для турки, 200г",219,262,LAVAZZA,https://online.metro-cc.ru/products/200g-lebo-classic-dlya-turki
 226399,"Кофе в капсулах Jacobs Espresso №7 Classico для кофемашин Nespresso 10шт, 52г",279,329,МОСКОВСКАЯ КОФЕЙНЯ НА ПАЯХЪ,https://online.metro-cc.ru/products/jacobs-espresso-7-classico-10sht
 119139,"Кофе Egoiste гранд крю в зернах, 1кг",2 299,,JARDIN,https://online.metro-cc.ru/products/kofe-v-zernah-egoiste-grand-kryu-1kg
 134491,"Кофе Jacobs Espresso жареный в зернах, 1кг",1 249,1 489,ARO,https://online.metro-cc.ru/products/jacobs-espresso-zernovoj-1kg
 528358,"Напиток кофейный Nescafe Strong 3в1 20 пакетиков, 290г",259,319,BUSHIDO,https://online.metro-cc.ru/products/20x145g-kofejnyj-napitok-nescafe-3v1-krepkij
 208703,"Кофе Egoiste Very Special растворимый сублимированный, 100г",699,1 099,LAVAZZA,https://online.metro-cc.ru/products/egoiste-sublimirovannyj-very-special-100g
 123742,"Напиток кофейный Jacobs 3в1 Классический 50 пакетиков, 675г",589,779,NESCAFE,https://online.metro-cc.ru/products/napitok-kofeynyy-jacobs-3v1-klassicheskiy-50x135g
 219193,"RIOBA Кофе в капсулах Forte для кофемашин Nespresso 11шт, 55г",299,,COFERIUM,https://online.metro-cc.ru/products/rioba-dlya-kofemashin-forte-11x5g
 636528,"Кофе Carte Noire Original растворимый сублимированный, 190г",979,1 129,EGOISTE,https://online.metro-cc.ru/products/carte-noire-sublimirovannyj-original-190g
 578056,"Кофе в капсулах Jardin Allonge Smooth&Silky для кофемашин Nespresso 10шт, 50г",279,409,LAVAZZA,https://online.metro-cc.ru/products/10h5g-jardin-allonge
 415027,"Кофе в капсулах Jardin Vivo Mild&Fruity для кофемашин Nespresso 10шт, 50г",279,409,NESCAFE,https://online.metro-cc.ru/products/10h5g-jardin-vivo
 72533,"Кофе Bushido Red Katana молотый, 227г",509,,COFFESSO,https://online.metro-cc.ru/products/art_59004
 528357,"Кофе Lavazza Expert Gusto Pieno в зернах, 1кг",1 829,,EGOISTE,https://online.metro-cc.ru/products/1kg-kofe-lavazza-expert-gusto-pieno-v-zernah
 110546,"Кофе Egoiste Velvet молотый, 200г",449,509,BUSHIDO,https://online.metro-cc.ru/products/egoiste-velvet-200g
 624869,"Кофе в капсулах Absolut Drive Cappuccino with milk для кофемашин Dolce Gusto 16шт, 184г",359,429,ORIGO,https://online.metro-cc.ru/products/8shth6g8shth17g-kofe-absolut-kapuchino-kapsuly-dg
 619918,"Кофе Alta Roma Vero в зернах, 1кг",1 199,1 459,NESCAFE,https://online.metro-cc.ru/products/kofe-alta-roma-vero-v-zernakh-1kg
 221903,"RIOBA Кофе в капсулах Intenso для кофемашин Nespresso 11шт, 55г",299,,CARRARO,https://online.metro-cc.ru/products/rioba-dlya-kofemashin-intenso-11x5g
 526503,"Кофе Kimbo Caffe Crema Dolce Medium в зернах, 1кг",2 159,,FRESCO,https://online.metro-cc.ru/products/1kg-kimbo-caffe-crema-dolce-medium
 100814,"Кофе Fresco Liberty в зернах, 900г",1 499,,JULIUS MEINL,https://online.metro-cc.ru/products/900g-kofe-fresco-liberty-zerno
 407889,"Кофе Origo Kaffee Klassik Barista Espresso в зернах, 1кг",2 319,,BUSHIDO,https://online.metro-cc.ru/products/v-zernah-origo-klassik-kaffee-barista-espresso-1-kg
 32456,"Кофе Julius Meinl Trend Collection Espresso Classico в зернах, 1кг",2 319,,LAVAZZA,https://online.metro-cc.ru/products/julius-meinl-espresso-trend-1kg
 508637,"Кофе Carte Noire Privilege сублимированный, 95г",449,509,BUSHIDO,https://online.metro-cc.ru/products/carte-noire-privilege-sublimirovannyj-95-g
 224737,"Кофе Egoiste Noir растворимый, 70г",299,309,MONARCH,https://online.metro-cc.ru/products/egoiste-noir-70g
 287768,"RIOBA Кофе в капсулах Armonioso для кофемашин Nespresso 11шт, 55г",299,,RIOBA,https://online.metro-cc.ru/products/rioba-dlya-kofemashin-armonioso-10x5g
 551849,"Кофе Egoiste Special растворимый сублимированный с молотым, 100г",799,999,NESCAFE,https://online.metro-cc.ru/products/egoiste-sublimirovannnyj-s-molotym-special-100g
 611603,"Кофе Bushido Black Katana растворимый, 100г",849,909,ILLY,https://online.metro-cc.ru/products/bushido-sublimirovannyj-black-katana-100g
 112992,"Кофе в капсулах Lebo Espresso Crema для кофемашин Nespresso 40 шт, 220г",1 299,,EGOISTE,https://online.metro-cc.ru/products/40shth55g-kofe-lebo-espresso-crema-banka
 611606,"Кофе в капсулах Tassimo Jacobs Cappuccino для кофемашин Tassimo 16шт (8 эспрессо 8 молочных), 260г",489,579,ILLY,https://online.metro-cc.ru/products/tassimo-cappuccino-classico-8-8sht
 125675,"Кофе в капсулах L’or Espresso Delizioso для кофемашин Nespresso 10шт, 52г",529,,LEBO CLASSIC,https://online.metro-cc.ru/products/lor-espresso-delizioso-52-g
 230305,"Кофе в капсулах Julius Meinl Ristretto Intenso Bio для кофемашин Nespresso 10шт, 56г",619,,MONARCH,https://online.metro-cc.ru/products/julius-meinl-ristretto-kapuchino-v-biorazlive-56g-10
 508641,"Кофе в капсулах Absolut Drive Latte Macchiato with caramel для кофемашин Dolce Gusto 16шт, 168г",359,429,EGOISTE,https://online.metro-cc.ru/products/8shth6g8shth15g-kofe-absolut-latte-karamel-kapsuly-dg
 8415,"Кофе Nescafe Classic растворимый, 320г",439,469,NESCAFE,https://online.metro-cc.ru/products/320g-nescafe-classic-paket
 624874,"aro Кофе натуральный жареный молотый, 500г",409,,ORIGO,https://online.metro-cc.ru/products/500g-kofe-aro-molotyy
 581767,"Кофе Jacobs Barista Editions Italiano в зернах, 800г",1 199,1 439,CARTE NOIRE,https://online.metro-cc.ru/products/800g-kofe-jacobs-barista-editions-italiano-zernovoy
 230025,"Кофе Fresco Arabica Solo растворимый, 100г",249,297,ILLY,https://online.metro-cc.ru/products/fresco-arabika-100g
 637206,"Кофе в капсулах Tassimo Jacobs Americano Classico для кофемашин Tassimo 16шт, 132г",489,579,L'OR,https://online.metro-cc.ru/products/americano-classico-tassimo-jacobs-16-sht
 221908,"Кофе Lavazza Qualita Oro молотый, 250г",739,,LEBO,https://online.metro-cc.ru/products/lavazza-naturalnyj-zharenyj-oro-250g-43053
 59569,"Кофе Jardin Kenya Kilimanjaro растворимый, 95г",219,297,ILLY,https://online.metro-cc.ru/products/jardin-kenya-kilimanjaro-95-g
 654820,"Напиток кофейный Nescafe Classic 3в1 20 пакетиков, 290г",259,319,JULIUS MEINL,https://online.metro-cc.ru/products/20x145g-kofejnyj-napitok-nescafe-3v1-klassik
 376494,"Кофе Kimbo Aroma Gold Arabica в зернах, 1кг",2 799,,KIMBO,https://online.metro-cc.ru/products/kimbo-v-zernah-aroma-gold-arabica-1kg
 448263,"RIOBA Кофе в капсулах Dolce Gusto Capuccino 8 порций 16 капсул, 192г",419,,JACOBS,https://online.metro-cc.ru/products/192g-kofe-v-kaps-rioba-dolce-gusto-cappuccino
 226340,"Кофе Origo Cafe Crema в зернах, 1кг",1 849,,LEBO,https://online.metro-cc.ru/products/art_624869
 101497,"Набор подарочный Monarch Original Кофе+чашка растворимый, 95г",499,,JARDIN,https://online.metro-cc.ru/products/95g-pn-kofechashka-monarch-original-rastvorimyy
 226345,"Кофе Carraro Arabica 100% в зернах, 500г",1 269,,LEBO,https://online.metro-cc.ru/products/v-zernah-carraro-arabica-100-500-g
 226523,"Кофе Monarch Milligrano растворимый с молотым, 90г",329,349,MACCOFFEE,https://online.metro-cc.ru/products/kofe-monarch-milligrano-rastvorimyy-s-molotym-90g
 112990,"Кофе Julius Meinl Президент в зернах, 500г",919,,CARRARO,https://online.metro-cc.ru/products/julius-meinl-v-zernah-naturalnyj-zharenyj-president-500g
 469367,"Кофе Monarch Original растворимый, 210г",589,,JARDIN,https://online.metro-cc.ru/products/kofe-monarch-original-rastvorimyy-210g
 107073,"aro Кофе растворимый сублимированный, 900г",1 639,,CARRARO,https://online.metro-cc.ru/products/aro-sublimirovannyj-900g
 220012,"Кофе Lavazza Expert Gusto Forte в зернах, 1кг",1 709,,JULIUS MEINL,https://online.metro-cc.ru/products/1kg-kofe-lavazza-expert-gusto-forte-v-zernah
 463833,"Кофе Kimbo Intenso в зернах, 1кг",1 659,,AMBASSADOR,https://online.metro-cc.ru/products/kimbo-intenso-1kg
 228285,"Кофе Egoiste Noir в зернах, 250г",469,609,EGOISTE,https://online.metro-cc.ru/products/egoiste-naturalnyj-zharenyj-v-zernah-noir-250g
 32459,"Кофе Jardin Colombia Supremo натуральный жареный в зернах, 1кг",2 309,,LAVAZZA,https://online.metro-cc.ru/products/jardin-v-zernah-naturalnyj-zharenyj-colombia-supremo-1kg
 365548,"Кофе Origo Grande Barista в зернах, 1кг",2 499,,ALTA ROMA,https://online.metro-cc.ru/products/art_624874
 224735,"Кофе Egoiste Captain в зернах, 1кг",2 519,,MONARCH,https://online.metro-cc.ru/products/1kg-kofe-egoiste-captain-v-zernah
 226347,"Кофе Jacobs Millicano молотый в растворимом, 75г",229,239,CARTE NOIRE,https://online.metro-cc.ru/products/jacobs-monarch-molotyj-millicano-75g
 218720,"Кофе Dallmayr Espresso d`Oro в зернах, 1кг",2 299,,POETTI,https://online.metro-cc.ru/products/art_44940
 101496,"Кофе Egoiste Velvet в зернах, 200г",449,549,JARDIN,https://online.metro-cc.ru/products/egoiste-velvet-200-g
 530965,"Кофе Nescafe Gold растворимый, 190г",879,,RIOBA,https://online.metro-cc.ru/products/nescafe-sublimirovannyj-gold-190g
 218639,"Кофе Monarch Gold растворимый, 95г",449,,NESCAFE,https://online.metro-cc.ru/products/95g-kofe-monarch-gold-rastvorimyy-st
 209740,"Кофе Жокей Триумф растворимый сублимированный, 150г",249,297,BUSHIDO,https://online.metro-cc.ru/products/zhokej-sublimirovannyj-triumf-150g
 44941,"Кофе Dallmayr Ethiopia в зернах, 500г",1 359,,DALLMAYR,https://online.metro-cc.ru/products/molotyj-dallmayr-efiopiya-500g
 234393,"Кофе Illy средней обжарки в зернах, 250г",1 090,1 499,JULIUS MEINL,https://online.metro-cc.ru/products/v-zernah-illy-srednej-obzharki-250g
 124058,"Кофе Bushido Sensei молотый, 227г",739,,NESCAFE,https://online.metro-cc.ru/products/art_59002
 215059,"Кофе в капсулах Jardin Ristretto Intense&Full Bodied для кофемашин Nespresso 10шт, 50г",279,409,JACOBS,https://online.metro-cc.ru/products/10h5g-jardin-ristretto
 229954,"Кофе Julius Meinl Юбилейный в зернах, 500г",969,,NESCAFE,https://online.metro-cc.ru/products/julius-meinl-v-zernah-naturalnyj-zharenyj-jubileum-500g
 534998,"Кофе Poetti Daily Arabica в зернах, 1кг",1 909,,ЖОКЕЙ,https://online.metro-cc.ru/products/1kg-kofe-poetti-daily-arabica-v-zernah
 77948,"Кофе Жокей Ирландские сливки молотый, 150г",309,,JULIUS MEINL,https://online.metro-cc.ru/products/150g-zhokej-irlandskie-slivki-mol
 230301,"Кофе Lavazza Qualita Rossa молотый, 250г",559,,MONARCH,https://online.metro-cc.ru/products/lavazza-rossa-250g
 100813,"Кофе Lebo Classic Extra молотый для турки, 100г",129,140,JULIUS MEINL,https://online.metro-cc.ru/products/100g-lebo-extra-dlya-turki
 226348,"Кофе Fresco Arabica Blend натуральный растворимый, 100г",249,297,CARTE NOIRE,https://online.metro-cc.ru/products/fresco-naturalnyj-arabica-blend-100g
 226934,"Кофе Ambassador Platinum растворимый, 190г",529,639,ITALCO,https://online.metro-cc.ru/products/ambassador-platinum-190g
 226522,"Кофе в капсулах Absolut Drive Espresso Original для кофемашин Dolce Gusto16шт, 96г",359,429,MACCOFFEE,https://online.metro-cc.ru/products/16shth6g-kofe-absolut-espresso-kapsuly-dg
 401114,"Кофе в капсулах Lebo Espresso Collection для кофемашин Nespresso 40шт, 220г",1 469,,TASSIMO,https://online.metro-cc.ru/products/40shth55g-kofe-lebo-espresso-collection-banka
 459849,"Кофе Carraro Crema Italiano в зернах, 1кг",1 749,,JARDIN,https://online.metro-cc.ru/products/v-zernah-caffe-carraro-crema-italiano-1-kg
 459852,"Кофе Fresco Arabica Solo растворимый, 190г",619,,ЖОКЕЙ,https://online.metro-cc.ru/products/kofe-fresco-arabica-solo-rastvorimyy-190g
 218717,"Напиток кофейный Nescafe Cappuccino порционный растворимый (18г x 20шт), 360г",419,589,POETTI,https://online.metro-cc.ru/products/20shth18g-kofeynyy-nap-nescafe-kapuchino-ports-rastv
 459905,"Кофе Julius Meinl Melange Венская коллекция молотый, 220г",549,739,ЧЕРНАЯ КАРТА,https://online.metro-cc.ru/products/kofe-julius-meinl-melange-venskaya-kollektsiya-molotyy-220g
 636529,"Кофе Bushido Red Katana растворимый сублимированный, 100г",789,859,EGOISTE,https://online.metro-cc.ru/products/art_508637
 226339,"Кофе Monarch Лесной орех растворимый, 95г",509,,LEBO,https://online.metro-cc.ru/products/95g-kofe-monarch-lesnoy-oreh-rastvorimyy-st
 227078,"Кофе Monarch карамель растворимый, 95г",509,,MONARCH,https://online.metro-cc.ru/products/95g-kofe-monarch-karamel-rastvorimyy-st
 632120,"Кофе Bushido Sensei в зернах, 227г",599,,ARO,https://online.metro-cc.ru/products/bushido-sensei-227g
 215682,"Кофе Monarch Day&Night декофеинизированный растворимый, 95г",339,389,JARDIN,https://online.metro-cc.ru/products/kofe-monarch-daynight-dekofeinizirovannyy-rastvorimyy-95g
 36574,"Кофе в капсулах Lebo Espresso Italiano для кофемашин Nespresso 40шт, 220г",1 299,,BUSHIDO,https://online.metro-cc.ru/products/40shth55g-kofe-lebo-espresso-italiano-banka
 224712,"Напиток кофейный MacCoffee Latte карамель порционный (22г x 20шт), 440г",309,,MONARCH,https://online.metro-cc.ru/products/20shth22g-kofe-maccoffee-latte-karamel-portsionnyy
 230296,"Кофе Illy Brazil arabica selection в зернах, 250г",1 090,1 499,MONARCH,https://online.metro-cc.ru/products/illy-arabika-250-g
 224714,"Кофе Jardin Eclair в зернах, 1кг",1 399,,MONARCH,https://online.metro-cc.ru/products/jardin-eclair-1000g
 223100,"Кофе Illy без кофеина молотый, 250г",1 399,,ABSOLUT,https://online.metro-cc.ru/products/kofe-illy-bez-kofeina-molotyy-250g
 228244,"Кофе Jardin Dessert Capuccino в зернах, 1кг",1 399,,ЖОКЕЙ,https://online.metro-cc.ru/products/jardin-dessert-capuccino-1000g
 533474,"Кофе Fort в зернах, 1кг",699,,JARDIN,https://online.metro-cc.ru/products/1kg-kofe-fort-zerno
 228421,"Кофе Illy темная обжарка молотый, 250г",1 379,1 569,VERLE,https://online.metro-cc.ru/products/illy-temnaya-obzharka-250g
 505974,"Кофе Carte Noire Voyage au Bresil растворимый, 90г",459,509,ЧЕРНАЯ КАРТА,https://online.metro-cc.ru/products/90g-kofe-carte-noire-voyage-au-bresil-rastvorimyy-stb
 70210,"Кофе Bushido Light Katana растворимый, 100г",899,,NESCAFE,https://online.metro-cc.ru/products/100g-kofe-bushido-light-katana-rastvorimyy
 611605,"Кофе Жокей крепкий растворимый 3в1 (12г x 50шт), 600г",439,,ILLY,https://online.metro-cc.ru/products/50shth12g-kofe-zhokey-krepkiy-3v1-rastvorimyy
 59000,"Кофе Черная Карта Gold растворимый, 190г",429,569,EGOISTE,https://online.metro-cc.ru/products/chernaya-karta-gold-190g
 75973,"Кофе Nescafe Classic растворимый, 95г",179,214,BUSHIDO,https://online.metro-cc.ru/products/nescafe-classic-naturalnyj-st-b-95g
 395462,"Кофе Egoiste Espresso натуральный молотый жареный, 250г",489,,JULIUS MEINL,https://online.metro-cc.ru/products/art_553579
 230300,"Кофе Julius Meinl Юбилейный молотый, 250г",579,,MONARCH,https://online.metro-cc.ru/products/yubilejnyj-julius-meinl-250-g
 629008,"Кофе Dallmayr Prodomo молотый, 250г",599,,KIMBO,https://online.metro-cc.ru/products/dallmayr-prodomo-250-g
 59005,"Кофе в капсулах Lebo Cappuccino для кофемашин Dolce Gusto 16шт, 172г",849,,BUSHIDO,https://online.metro-cc.ru/products/8shth65g8shth15g-kofe-lebo-cappuccino-v-kapsulah
 221902,"Кофе Lebo Extra в зернах, 1кг",1 189,,CARRARO,https://online.metro-cc.ru/products/1kg-kofe-lebo-extra-v-zernah
 218640,"Кофе Jardin Dessert Сup молотый натуральный жареный, 250г",439,,NESCAFE,https://online.metro-cc.ru/products/jardin-naturalnyj-zharenyj-dessert-sup-250g
 388183,"Кофе Kimbo Extra Cream в зернах, 1кг",1 999,,DALLMAYR,https://online.metro-cc.ru/products/kimbo-extra-cream-v-zernah-1-kg
 598958,"Кофе Monarch Gold растворимый, 190г",1 029,,BUSHIDO,https://online.metro-cc.ru/products/kofe-monarch-gold-rastvorimyy-190g
 208701,"Кофе в капсулах Carraro Decerato для кофемашин Nespresso 10шт, 55г",369,399,LAVAZZA,https://online.metro-cc.ru/products/10shtx55g-kofe-carraro-v-alyum-kapsulah-decerato
 226337,"Кофе в капсулах Carraro Intenso для кофемашин Nespresso 10шт, 55г",369,399,CARTE NOIRE,https://online.metro-cc.ru/products/10shtx55g-kofe-carraro-v-alyum-kapsulah-intenso
 70170,"Кофе в капсулах Julius Meinl Lungo Forte Bio для кофемашин Nespresso 10шт, 56г",619,,NESCAFE,https://online.metro-cc.ru/products/10h56g-kofe-julius-meinl-lungo-forte-v-biorazl-kaps
 226521,"Напиток кофейный Carte Noire Cappuccino растворимый 20 пакетиков, 300г",689,,MACCOFFEE,https://online.metro-cc.ru/products/20shth15g-nap-kofeynyy-carte-noire-cappuccino-rastv-ports
 226333,"Кофе Monarch Crema растворимый, 95г",599,,CARTE NOIRE,https://online.metro-cc.ru/products/kofe-monarch-crema-rastvorimyy-95g
 43053,"Кофе Kimbo Caffe crema classico light в зернах, 1кг",2 049,,LAVAZZA,https://online.metro-cc.ru/products/kimbo-dolche-krem-1kg
 226933,"Кофе Julius Meinl без кофеина зерновой, 500г",1 449,1 869,CARRARO,https://online.metro-cc.ru/products/kofe-julius-meinl-bez-kofeina-zernovoy-500g
 226346,"Кофе Nescafe Classic Crema растворимый, 190г",509,,LEBO,https://online.metro-cc.ru/products/190g-kofe-nescafe-classic-crema-rastvorimyy-st-banka
 234392,"Кофе Kimbo Espresso в зернах, 1кг",1 979,,JULIUS MEINL,https://online.metro-cc.ru/products/kimbo-espresso-v-zernah-1-kg
 637203,"Кофе Nescafe Classic растворимый порошкообразный с добавлением натурального жареного молотого кофе, 750г",1 799,,L'OR,https://online.metro-cc.ru/products/750g-kofe-nescafe-classic-rastvorimyy
 553579,"Кофе Jardin Colombia Medelin растворимый сублимированный, 150г",499,,EGOISTE,https://online.metro-cc.ru/products/jardin-sublimirovannyj-colombia-medelin-150g
 228440,"Кофе Fresco Arabica blend молотый, 250г",499,,VERLE,https://online.metro-cc.ru/products/kofe-fresco-arabica-blend-molotyy-250g
 439335,"Кофе Poetti Leggenda Espresso в зернах, 1кг",2 189,,FRESCO,https://online.metro-cc.ru/products/1kg-kofe-poetti-leggenda-espresso-v-zernah
 201559,"Кофе Жокей Империал натуральный растворимый сублимированный, 150г",269,349,JACOBS,https://online.metro-cc.ru/products/zhokej-imperial-150g
 227302,"Кофе Verle Decaf в дрип-пакетах 6шт, 66г",449,,ЧЕРНАЯ КАРТА,https://online.metro-cc.ru/products/6shth11g-kofe-verle-decaf-v-drip-paketah
 226335,"Кофе в капсулах Carraro Dolci arabica для кофемашин Nespresso 10шт, 55г",369,399,CARTE NOIRE,https://online.metro-cc.ru/products/10shtx55g-kofe-carraro-v-alyum-kapsulah-dolci-arabica
 384608,"Кофе Жокей По-восточному молотый натуральный жареный, 250г",299,,JULIUS MEINL,https://online.metro-cc.ru/products/art_373046
 298849,"Кофе Verle Central America в дрип-пакетах 6шт, 66г",419,,DALLMAYR,https://online.metro-cc.ru/products/6shth11g-kofe-verle-central-america-v-drip-paketah
 209743,"Кофе Egoiste Private растворимый, 100г",849,999,EGOISTE,https://online.metro-cc.ru/products/100g-kofe-egoiste-private-rastvorimyy
 227974,"Кофе в капсулах Jacobs Espresso №10 Intenso для кофемашин Nespresso 10шт, 52г",279,329,FRESCO,https://online.metro-cc.ru/products/jacobs-espresso-10-intenso-10sht
 201564,"Кофе Origo Professional Star эспрессо в зернах, 1кг",2 169,,JACOBS,https://online.metro-cc.ru/products/1kg-kofe-origo-professional-star-espresso-zerno
 100815,"Кофе Jardin Colombia Medellin растворимый, 240г",829,,JULIUS MEINL,https://online.metro-cc.ru/products/240g-kofe-jardin-colombia-medellin-rastvorimyy
 231667,"Кофе Lebo Classic в зернах, 250г",339,469,MONARCH,https://online.metro-cc.ru/products/250g-kofe-lebo-classic-v-zernah
 221904,"Кофе Carraro Cafe crema в зернах, 1кг",1 619,,CARRARO,https://online.metro-cc.ru/products/1kg-kofe-carraro-caffe-crema-v-zernah
 215436,"Кофе Illy без кофеина в зернах, 250г",1 390,,LEBO CLASSIC,https://online.metro-cc.ru/products/kofe-illy-bez-kofeina-zernovoy-250g
 223097,"Кофе Jacobs Monarch в зернах, 230г",319,329,ABSOLUT,https://online.metro-cc.ru/products/230g-kofe-jacobs-monarch-zerno
 59570,"Кофе Жокей Caffe Italiano молотый, 250г",349,,ILLY,https://online.metro-cc.ru/products/art_50642
 59002,"Кофе Жокей классический в зернах, 900г",1 389,,BUSHIDO,https://online.metro-cc.ru/products/art_624061
 228420,"Кофе Poetti Daily Mokka в зернах, 1кг",1 599,,VERLE,https://online.metro-cc.ru/products/1kg-kofe-poetti-daily-mokka-v-zernah
 218855,"Кофе Lebo Gold в зернах, 1кг",1 549,1 789,CARTE NOIRE,https://online.metro-cc.ru/products/1kg-kofe-lebo-gold-v-zernah
 119131,"Кофе Жокей Фаворит растворимый, 95г",249,,ЖОКЕЙ,https://online.metro-cc.ru/products/95g-kofe-zhokey-favorit-rastvorimyy-stb
 221909,"Напиток кофейный MacCoffee Strong 3в1 порционный (16г x 100шт), 1.6кг",1 429,,LEBO,https://online.metro-cc.ru/products/5shth16g-kofe-maccoffee-3v1-strong-portsionnyy
 32458,"Кофе Egoiste Espresso в зернах, 250г",489,589,LAVAZZA,https://online.metro-cc.ru/products/egoiste-espresso-250g
 482361,"aro Кофе растворимый сублимированный, ст/б 80г",159,169,AMBASSADOR,https://online.metro-cc.ru/products/sublimirovannyj-aro-80g
 228239,"Кофе Bushido Specialty молотый, 227г",749,,JARDIN,https://online.metro-cc.ru/products/art_75973
 119130,"Кофе Jardin Espresso di Milano натуральный молотый жареный, 250г",459,,ЖОКЕЙ,https://online.metro-cc.ru/products/jardin-naturalnyj-zharenyj-espresso-di-milano-250g
 230304,"Кофе Illy Guatemala arabica selection в зернах, 250г",1 090,1 499,MONARCH,https://online.metro-cc.ru/products/v-zernah-illy-guatemala-zh-b-250-g
 226334,"Кофе в капсулах Julius Meinl Lungo Classico Bio для кофемашин Nespresso 10шт, 56г",619,,CARTE NOIRE,https://online.metro-cc.ru/products/julius-meinl-lungo-classico-10-56g
 226524,"Напиток кофейный Carte Noire Vanilla latte растворимый 20 пакетиков, 320г",689,,MACCOFFEE,https://online.metro-cc.ru/products/20shth16g-nap-kofeynyy-carte-noire-vanilla-latte-rastv-ports
 426443,"Кофе Italco Espresso Italiano в зернах, 1кг",1 499,,CARTE NOIRE,https://online.metro-cc.ru/products/1kg-kofe-italco-espresso-italiano-v-zernah
 224734,"Кофе Illy средней обжарки молотый, 250г",1 379,1 569,MONARCH,https://online.metro-cc.ru/products/illy-srednej-obzharki-250g
 224736,"Кофе Carte Noire Elegant растворимый, 95г",459,509,MONARCH,https://online.metro-cc.ru/products/95g-kofe-carte-noire-elegant-rastvorimyy-stb
 228419,"Кофе Jardin Oro в зернах, 1кг",2 239,,VERLE,https://online.metro-cc.ru/products/1kg-kofe-jardin-original-oro-zernovoy
 373045,"Кофе Черная Карта в зернах, 250г",219,299,ЖОКЕЙ,https://online.metro-cc.ru/products/250g-kofe-chernaya-karta-zerno
 615407,"Кофе Lebo Classic молотый для турки, 100г",119,139,JARDIN,https://online.metro-cc.ru/products/100g-lebo-classic-dlya-turki
 227972,"Кофе Jacobs Monarch растворимый сублимированный, 75г",262,,FRESCO,https://online.metro-cc.ru/products/jacobs-monarch-sublimirovannyj-75g
 228242,"Кофе Monarch Intense растворимый, 95г",439,,ЖОКЕЙ,https://online.metro-cc.ru/products/95g-kofe-monarch-intense-rastvorimyy-st
 50642,"Кофе Lebo Classic в зернах, 1кг",1 249,1 429,ЖОКЕЙ,https://online.metro-cc.ru/products/1kg-kofe-lebo-classic-v-zernah
 133724,"Кофе Monarch Original растворимый, 95г",439,,NESCAFE,https://online.metro-cc.ru/products/95g-kofe-monarch-original-rastvorimyy-st
 226505,"RIOBA Кофе в капсулах Decaffeinato без кофеина для кофемашин Nespresso 11шт, 55г",299,,MACCOFFEE,https://online.metro-cc.ru/products/rioba-dlya-kofemashin-decaffein-11x5g
 633254,"Кофе в капсулах Lebo Espresso Milky для кофемашин Nespresso 40шт, 220г",1 190,,JARDIN,https://online.metro-cc.ru/products/40shth55g-kofe-lebo-espresso-milky-banka
 119134,"Кофе Dallmayr Classic молотый, 250г",499,,JARDIN,https://online.metro-cc.ru/products/dallmayr-classic-250-g
 637205,"Кофе Jardin Guatemala Atitlan растворимый, 150г",499,,L'OR,https://online.metro-cc.ru/products/jardin-guatemala-atitlan-150g
 232413,"Кофе Lebo Принц Лебо молотый для турки, 100г",129,,ЖОКЕЙ,https://online.metro-cc.ru/products/100g-kofe-lebo-prints-lebo-molotyy-dturki
 228238,"Кофе Nescafe Classic растворимый, 190г",289,297,JARDIN,https://online.metro-cc.ru/products/nescafe-classic-paket-190g
 373046,"Кофе Bushido Red Katana в зернах, 227г",579,,ЖОКЕЙ,https://online.metro-cc.ru/products/art_59005
 604157,"Кофе в капсулах Verle Classic Mousse для кофемашин Nespresso 10шт, 55г",369,,NESCAFE,https://online.metro-cc.ru/products/kofe-verle-classic-mousse-v-kapsulah-55g-x-10sht-55g
 221910,"Кофе Dallmayr Prodomo жареный в зернах, 500г",1 149,,LEBO,https://online.metro-cc.ru/products/dallmayr-v-zernah-naturalnyj-zharenyj-prodomo-500g
 666415,"Кофе в капсулах L’or Espresso Lungo Profondo для кофемашин Nespresso 10шт, 52г",529,,JULIUS MEINL,https://online.metro-cc.ru/products/l-rsquoor-lungo-profondo-52-g
 230306,"Напиток кофейный MacCoffee 3в1 со сгущенным молоком порционный (20г x 10шт), 200г",141,,MONARCH,https://online.metro-cc.ru/products/10shth20g-kofe-maccoffee-3v1-sguschennoe-moloko-portsionnyy
 201556,"Кофе Жокей классический молотый натуральный жареный, 250г",349,,CARTE NOIRE,https://online.metro-cc.ru/products/zhokej-naturalnyj-zharenyj-klassicheskij-250g
 231666,"Кофе Monarch Velour растворимый, 95г",489,,MONARCH,https://online.metro-cc.ru/products/kofe-monarch-velour-rastvorimyy-95g
 232416,"Напиток кофейный MacCoffee Capuccino Dolce Vita порционный (24г x 20шт), 480г",309,,ЖОКЕЙ,https://online.metro-cc.ru/products/20shth24g-kofe-maccoffee-cappuccino-dolce-vita-portsionnyy
 218638,"Кофе Jardin Americano Crema натуральный жареный молотый, 250г",459,,NESCAFE,https://online.metro-cc.ru/products/jardin-almericano-crema-naturalnyj-zharenyj-250g
 230293,"Кофе Julius Meinl Король Хадрамаут в зернах, 250г",899,969,MONARCH,https://online.metro-cc.ru/products/julius-meinl-korol-hadramut-250g
 228236,"Кофе Jardin Gold растворимый, 190г",759,,JARDIN,https://online.metro-cc.ru/products/190g-kofe-jardin-gold-rastvorimyy-stb
 226343,"Кофе Egoiste Velvet растворимый, 95г",899,1 129,LEBO,https://online.metro-cc.ru/products/egoiste-velvet-95g
 76036,"Кофе Bushido Kodo растворимый, 95г",899,,JACOBS,https://online.metro-cc.ru/products/bushido-v-kristallah-kodo-95g
 228230,"Кофе Jacobs Millicano молотый в растворимом, 90г",469,,JARDIN,https://online.metro-cc.ru/products/90g-jacobs-millicano-molotyj
 376496,"Кофе Fresco Arabica Blend в зернах, 200г",214,,KIMBO,https://online.metro-cc.ru/products/200g-kofe-fresco-arabica-blend-zerno
 104611,"Кофе Jardin Guatemala Atitlan растворимый, 190г",849,,JULIUS MEINL,https://online.metro-cc.ru/products/190g-kofe-jardin-guatemala-atitlan-rastvorimyy-stb
 44940,"Кофе Monarch Milligrano растворимый с добавлением молотого, 120г",559,,DALLMAYR,https://online.metro-cc.ru/products/120g-kofe-monarch-miligrano-rastv-c-dob-molotogo
 544095,"Кофе Жокей триумф растворимый (2г x 100шт), 200г",709,,ЖОКЕЙ,https://online.metro-cc.ru/products/100shth2g-kofe-zhokey-triumf-rastvorimyy
 133441,"Кофе в капсулах Carte Noire Colombia Origin для кофемашин Nespresso 10шт, 52г",689,,RIOBA,https://online.metro-cc.ru/products/10shth52g-kofe-carte-noire-colombia-origin-v-kapsulah
 228291,"Кофе в капсулах Carte Noire Riche Espresso для кофемашин Nespresso 10шт, 52г",689,,EGOISTE,https://online.metro-cc.ru/products/10shth52g-kofe-carte-noire-riche-espresso-v-kapsulah
 230298,"Кофе Bushido Specialty в зернах, 227г",709,,MONARCH,https://online.metro-cc.ru/products/bushido-specialty-227g-75962
 133790,"Кофе в капсулах Carte Noire Lungo Profond для кофемашин Nespresso 10шт, 52г",689,,JACOBS,https://online.metro-cc.ru/products/10shth52g-kofe-carte-noire-lungo-profond-v-kapsulah
 234805,"Кофе в капсулах Carraro Ristretto для кофемашин Nespresso 10шт, 55г",369,399,ЖОКЕЙ,https://online.metro-cc.ru/products/10shtx55g-kofe-carraro-v-alyum-kapsulah-ristretto
 634928,"Кофе Jardin Columbia Supremo молотый, 250г",479,,ЧЕРНАЯ КАРТА,https://online.metro-cc.ru/products/250g-jardin-kolumbiya-supremo-mol
 611604,"Кофе Lebo Classic Original жареный в зернах, 100г",119,154,ILLY,https://online.metro-cc.ru/products/100g-kofe-lebo-original-zharenyy-v-zernah
 228811,"Кофе Жокей Gold растворимый, 95г",279,,FORT,https://online.metro-cc.ru/products/95g-kofe-zhokey-gold-rastvorimyy-stb
 223096,"Кофе Jacobs Day&Night сублимированный без кофеина, 95г",519,,ABSOLUT,https://online.metro-cc.ru/products/kofe-jacobs-dayampnight-sublimirovannyy-bez-kofeina-95g
 227971,"Кофе Tchibo Gold selection растворимый, 150г",529,,FRESCO,https://online.metro-cc.ru/products/150g-kofe-tchibo-gold-selection-rastvorimyy
 44435,"Кофе Tchibo Gold selection растворимый, 95г",399,,DALLMAYR,https://online.metro-cc.ru/products/95g-kofe-tchibo-gold-selection-rastvorimyy-stb
 599071,"Кофе Carte Noire Original растворимый сублимированный, 75г",690,,JARDIN,https://online.metro-cc.ru/products/art_426443
 119132,"Кофе Jardin Gold растворимый, 240г",859,,ЖОКЕЙ,https://online.metro-cc.ru/products/240g-kofe-jardin-gold-rastvorimyy
 228441,"Кофе Жокей По-восточному молотый, 450г",679,,VERLE,https://online.metro-cc.ru/products/450g-zhokej-po-vostochnomu-mol
 226350,"Кофе Жокей Классический молотый, 450г",679,,JACOBS,https://online.metro-cc.ru/products/450g-zhokej-klassicheskij-mol
 218856,"Кофе Jacobs Hazelnut с ароматом лесного ореха растворимый, 95г",509,,CARTE NOIRE,https://online.metro-cc.ru/products/95g-jacobs-s-aromatom-oreha
 581766,"Кофе Fresco Arabica solo молотый для чашек и турок, 250г",489,,CARTE NOIRE,https://online.metro-cc.ru/products/kofe-fresco-arabica-solo-molotyy-dlya-chashek-i-turok-250g
 224739,"Кофе Carte Noire растворимый (1.8г х 26шт), 47г",629,,MONARCH,https://online.metro-cc.ru/products/rastvorimyj-carte-noire-v-paketikah-18g-26
 218711,"Кофе в капсулах Julius Meinl Espresso Crema Bio для кофемашин Nespresso 10шт, 56г",619,,POETTI,https://online.metro-cc.ru/products/julius-meinl-espresso-krema-10sht
 629006,"Кофе Jacobs Barista Editions Crema молотый, 230г",629,,KIMBO,https://online.metro-cc.ru/products/230g-kofe-jacobs-barista-editions-crema-molotyy
 122026,"Кофе Nescafe Classic растворимый, 190г",509,,JACOBS,https://online.metro-cc.ru/products/190g-kofe-nescafe-classic-rastvorimyy-stekl-banka
 214904,"Кофе Жокей Триумф растворимый, 75г",199,,FRESCO,https://online.metro-cc.ru/products/75g-kofe-zhokey-triumf-rastvorimyy
 226338,"Кофе в капсулах Lebo Latte macchiato для кофемашин Dolce Gusto 16шт, 172г",849,,CARTE NOIRE,https://online.metro-cc.ru/products/8shth65g8shth15g-kofe-lebo-latte-macchiato-v-kapsulah
 88215,"Кофе Fresco Arabica blend растворимый, 190г",709,,JULIUS MEINL,https://online.metro-cc.ru/products/kofe-fresco-arabica-blend-rastvorimyy-190g
 218710,"Кофе Черная Карта молотый для турки, 250г",291,,POETTI,https://online.metro-cc.ru/products/250-kofe-chernaya-karta-molotyy-dlya-turki
 226341,"Кофе в капсулах Jacobs Lungo 8 Intenso для кофемашин Nespresso 10шт, 52г",419,,LEBO,https://online.metro-cc.ru/products/10shth52g-kofe-jacobs-lungo-8-intenso-v-kapsulah
 624061,"Кофе Poetti Leggenda Original в зернах, 250г",539,,ЖОКЕЙ,https://online.metro-cc.ru/products/250g-kofe-poetti-leggenda-original-v-zernah
 228235,"Кофе в капсулах L’or Espresso Splendente для кофемашин Nespresso 10шт, 52г",529,,JARDIN,https://online.metro-cc.ru/products/lor-espresso-52-g
 373043,"Кофе в капсулах L’or Espresso Forza для кофемашин Nespresso 10шт, 52г",529,,JARDIN,https://online.metro-cc.ru/products/l-rsquoor-espr-forza-52-g
 469154,"Кофе Jacobs Gold растворимый сублимированный, 95г",499,,ЧЕРНАЯ КАРТА,https://online.metro-cc.ru/products/jacobs-sublimirovannyj-gold-95g
 426452,"Кофе Monarch Brazilian Selection молотый, 230г",499,,JACOBS,https://online.metro-cc.ru/products/230g-kofe-monarch-brazilian-selection-molotyy
 230024,"Кофе Monarch Original жареный молотый, 230г",509,,ILLY,https://online.metro-cc.ru/products/230g-kofe-monarch-original-zharenyy-molotyy
 213623,"Кофе Carte Noire Original молотый, 230г",449,529,JULIUS MEINL,https://online.metro-cc.ru/products/230g-kofe-carte-noire-original-molotyy
 206309,"Кофе Жокей классический 3в1 растворимый (12г x 50шт), 600г",429,499,ORIGO,https://online.metro-cc.ru/products/kofe-zhokey-klassicheskiy-3v1-rastvorimyy-12g-x-50sht-600g
 227973,"Кофе Verle Africa в дрип-пакетах 6шт, 66г",429,,FRESCO,https://online.metro-cc.ru/products/6shth11g-kofe-verle-africa-v-drip-paketah
 218714,"Кофе MacCoffee Arabica растворимый, 100г",259,,POETTI,https://online.metro-cc.ru/products/100g-kofe-maccoffee-arabica-rastvorimyy-stb
 658721,"Кофе Jardin Gold растворимый, 95г",329,,KIMBO,https://online.metro-cc.ru/products/95g-kofe-jardin-gold-rastvorimyy-stb
 423210,"Кофе Ambassador Platinum растворимый, 150г",399,429,FRESCO,https://online.metro-cc.ru/products/ambassador-platinum-150g
 636530,"Кофе Tchibo Gold selection молотый, 250г",379,,EGOISTE,https://online.metro-cc.ru/products/250g-kofe-tchibo-gold-selection-molotyy
 59003,"Кофе Черная Карта Brasilia Exclusive растворимый сублимированный, 95г",369,,BUSHIDO,https://online.metro-cc.ru/products/chernaya-karta-sublimirovannyj-brasilia-exclusive-95g
 206308,"Кофе Jardin Original Oro молотый, 250г",579,,ORIGO,https://online.metro-cc.ru/products/250g-kofe-jardin-original-oro-molotyy
 224738,"Кофе MacCoffee Gold растворимый, 100г",247,,MONARCH,https://online.metro-cc.ru/products/100g-kofe-maccoffee-gold-rastvorimyy-stb
 226336,"Кофе Jardin Колумбия Меделлин растворимый, 75г",249,,JACOBS,https://online.metro-cc.ru/products/75g-kofe-jardin-kolumbiya-medellin-rastvorimyy
 95644,"Кофе Жокей Импер растворимый, 95г",239,,JACOBS,https://online.metro-cc.ru/products/art_599055
 62187,"Кофе Жокей Imperial растворимый, 75г",199,,JULIUS MEINL,https://online.metro-cc.ru/products/75g-kofe-zhokey-imper-rastvorimyy
 228231,"Кофе Жокей Триумф растворимый сублимированный, 95г",279,,PIAZZA DEL CAFFE,https://online.metro-cc.ru/products/zhokej-triumf-95g
 616531,"Кофе Alta Roma Caffe Latte молотый, 250г",289,,ЖОКЕЙ,https://online.metro-cc.ru/products/kofe-alta-roma-caffe-latte-molotiy-250g
 221905,"Кофе Jardin Гватемала Атитлан растворимый, 75г",229,,CARRARO,https://online.metro-cc.ru/products/75g-kofe-jardin-gvatemala-atitlan-rastvorimyy
 44503,"Кофе Jardin Эспрессо ди Милано в зернах, 1кг",1 399,1 479,DALLMAYR,https://online.metro-cc.ru/products/jardin-v-zernah-naturalnyj-zharenyj-espresso-di-milano-1kg
 226466,"Кофе Poetti Leggenda Original в зернах, 1кг",2 189,,ALTA ROMA,https://online.metro-cc.ru/products/1kg-kofe-poetti-leggenda-original-v-zernah
 229162,"Кофе Egoiste Voyage в зернах, 1кг",2 649,,TCHIBO,https://online.metro-cc.ru/products/1kg-kofe-egoiste-voyage-v-zernah
 228241,"Кофе Carte Noire Intense Absolu в зернах, 800г",2 199,,ЖОКЕЙ,https://online.metro-cc.ru/products/800g-kofe-carte-noire-intense-absolu-zernovoy
 581769,"Кофе Nescafe Gold растворимый сублимированный, 500г",1 829,,JACOBS,https://online.metro-cc.ru/products/nescafe-sublimirovannyj-gold-500g
 232417,"Кофе в капсулах L’or Espresso Ristretto для кофемашин Nespresso 10шт, 52г",529,,JARDIN,https://online.metro-cc.ru/products/l-rsquoor-ristretto-52-g
 218718,"Кофе Illy темная обжарка в зернах, 250г",1 090,1 499,POETTI,https://online.metro-cc.ru/products/v-zernah-illy-temnaya-obzharka-250g
 228237,"Кофе Poetti Leggenda Oro в зернах, 1кг",2 089,,JARDIN,https://online.metro-cc.ru/products/1kg-kofe-poetti-leggenda-oro-v-zernah
 229165,"Кофе Nescafe Gold растворимый сублимированный с добавлением натурального жареного молотого кофе, 900г",2 849,,TCHIBO,https://online.metro-cc.ru/products/kofe-nescafe-gold-rastvorimiy-sublimirovanniy-s-dobavleniem-naturalnogo-zharenogo-molotogo-kofe-900g
 226467,"Кофе Monarch Brazilian Selection растворимый, 180г",1 029,,ALTA ROMA,https://online.metro-cc.ru/products/kofe-monarch-brazilian-selection-rastvorimyy-180g
 459854,"Кофе Kimbo Integrity Bio в зернах, 1кг",2 349,,JARDIN,https://online.metro-cc.ru/products/kimbo-integrity-bio-1-kg
 226342,"Кофе Monarch Milligrano растворимый с молотым, 200г",449,509,LEBO,https://online.metro-cc.ru/products/kofe-monarch-milligrano-rastvorimyy-s-molotym-200g
 120797,"Кофе Julius Meinl Президент классическая коллекция в зернах, 250г",409,499,JACOBS,https://online.metro-cc.ru/products/julius-meinl-president-250g
 228234,"Кофе Nescafe Gold Barista растворимый, 85г",279,329,JARDIN,https://online.metro-cc.ru/products/nescafe-gold-v-rastvorimom-barista-85g
 125674,"Напиток кофейный MacCoffee The Original coffee mix 3 в 1 растворимый 100 пакетиков, 2кг",1 639,,LEBO CLASSIC,https://online.metro-cc.ru/products/maccoffee-napitok-kofejnyj-porcionnyj-the-original-coffee-mix-3v1-100-20g
 122743,"Напиток кофейный Jacobs 3в1 Крепкий 50 пакетиков, 675г",589,779,NESCAFE,https://online.metro-cc.ru/products/napitok-kofeynyy-jacobs-3v1-krepkiy-50x135g
 637202,"Кофе Alta Roma Caffe Latte в зернах, 1кг",919,1 359,L'OR,https://online.metro-cc.ru/products/kofe-alta-roma-caffe-latte-v-zernakh-1kg
 420359,"Кофе в капсулах Absolut Drive Americano Original для кофемашин Dolce Gusto 16шт, 128г",359,429,ЖОКЕЙ,https://online.metro-cc.ru/products/16shth8g-kofe-absolut-amerikano-kapsuly-dg
 221911,"Кофе Jacobs Monarch Классический в зернах, 800г",989,1 159,LEBO,https://online.metro-cc.ru/products/jacobs-monarch-klassicheskij-v-zernah-800-g
 218854,"Кофе Carte Noire Original растворимый сублимированный, 150г",1 190,,JACOBS,https://online.metro-cc.ru/products/carte-noire-sublimirovannyj-original-150g
 384385,"RIOBA Кофе в капсулах Dolce Gusto Latte Macciato 8 порций 16 капсул, 192г",419,,JACOBS,https://online.metro-cc.ru/products/192g-kofe-v-kaps-rioba-dolce-gusto-latte-macc
 224709,"Кофе Egoiste Truffle растворимый сублимированный, 95г",599,1 079,MONARCH,https://online.metro-cc.ru/products/kofe-egoiste-truffle-rastvorimyy-sublimirovannyy-95g
 132215,"Кофе Poetti Daily Mokka молотый, 250г",349,,JACOBS,https://online.metro-cc.ru/products/250g-kofe-poetti-daily-mokka-molotyy
 147698,"Кофе Monarch Original растворимый, 130г",399,,ARO,https://online.metro-cc.ru/products/kofe-monarch-original-rastvorimyy-130g
 598758,"Кофе Nescafe Classic растворимый, 500г",1 059,,JACOBS,https://online.metro-cc.ru/products/nescafe-classic-paket-500g
 232419,"Кофе Kimbo Superior Blend натуральный жареный в зернах, 1кг",2 109,,JARDIN,https://online.metro-cc.ru/products/kimbo-v-zernah-naturalnyj-zharenyj-superior-blend-1kg
 232415,"Кофе Poetti Leggenda Ruby в зернах, 1кг",2 189,,ЖОКЕЙ,https://online.metro-cc.ru/products/1kg-kofe-poetti-leggenda-ruby-v-zernah
 118531,"Кофе Origo Professional Master эспрессо в зернах, 1кг",2 029,,JACOBS,https://online.metro-cc.ru/products/1kg-kofe-origo-professional-master-espresso-zerno
 60434,"Кофе Monarch Brazilian Selection в зернах, 800г",1 569,,KIMBO,https://online.metro-cc.ru/products/800g-kofe-monarch-brazilian-selection-zerno
 75962,"Кофе Carte Noire Crema Delice в зернах, 800г",2 199,,BUSHIDO,https://online.metro-cc.ru/products/800g-kofe-carte-noire-crema-delice-zerno
 495117,"Кофе Жокей Традиционный в зернах, 900г",1 079,,NESCAFE,https://online.metro-cc.ru/products/zhokej-tradicionnyj-900g
 70176,"Кофе Tchibo Gold мокка молотый, 250г",309,,NESCAFE,https://online.metro-cc.ru/products/250g-kofe-tchibo-gold-mokka-molotyy
 599055,"Кофе Carraro Qualita Oro в зернах, 500г",1 179,,ЖОКЕЙ,https://online.metro-cc.ru/products/v-zernah-carraro-qualita-oro-500-g
 218712,"Кофе Jacobs Caramel с ароматом карамели растворимый, 95г",509,,POETTI,https://online.metro-cc.ru/products/95g-jacobs-s-arom-karameli
 57058,"Кофе Piazza del Caffe Crema Vellutata в зернах, 1кг",1 159,,MACCOFFEE,https://online.metro-cc.ru/products/1kg-kofe-piazza-del-caffe-crema-vellutata-zerno
 228243,"Кофе Черная Карта молотый жареный, 250г",229,289,ЖОКЕЙ,https://online.metro-cc.ru/products/250g-kofe-chernaya-karta-molotyy-zharenyy
 426450,"Кофе Jardin Kenya Kilimanjaro растворимый сублимированный, 150г",499,,CARTE NOIRE,https://online.metro-cc.ru/products/jardin-kenya-kilimanjaro-sublimirovannyj-150g
 229159,"Кофе Жокей Триумф растворимый, 280г",739,,TCHIBO,https://online.metro-cc.ru/products/280g-kofe-zhokey-triumf-rastvorimyy
 228295,"Кофе Jardin Kenya Kilimanjaro растворимый, 75г",229,,EGOISTE,https://online.metro-cc.ru/products/75g-kofe-jardin-keniya-kilimandzharo-rastvorimyy
 228240,"Кофе Jacobs Brazilian Selection растворимый, 180г",609,,ЖОКЕЙ,https://online.metro-cc.ru/products/180g-kofe-jacobs-brazilian-selection-rastvorimyy
 122025,"Кофе Julius Meinl Prasident молотый, 250г",529,,JACOBS,https://online.metro-cc.ru/products/julius-meinl-president-classic-collection-250g
 229166,"Кофе Jacobs Velour растворимый, 95г",499,,TCHIBO,https://online.metro-cc.ru/products/95g-kofe-jacobs-velour-rastvorimyy-poroshkoobraznyy-stb
 637204,"Кофе в капсулах Verle Classic Decaf для кофемашин Nespresso 10шт, 55г",399,,L'OR,https://online.metro-cc.ru/products/kofe-verle-classic-decaf-v-kapsulah-55g-x-10sht-55g
 226509,"Кофе Monarch Original растворимый, 47.5г",199,239,MACCOFFEE,https://online.metro-cc.ru/products/475g-kofe-monarch-original-rastvorimyy-st
 218716,"Кофе Jacobs Monarch растворимый, 270г",1 199,,POETTI,https://online.metro-cc.ru/products/270g-jacobs-monarch
 530964,"Кофе Жокей Фаворит растворимый гранулированный, 75г",251,,RIOBA,https://online.metro-cc.ru/products/zhokej-favorit-granulirovannyj150-g
 229730,"Кофе Jacobs Monarch растворимый сублимированный, 190г",899,,MONARCH,https://online.metro-cc.ru/products/jacobs-monarch-sublimirovannyj-190g
 112991,"Кофе Жокей триумф растворимый, 450г",1 099,,CARRARO,https://online.metro-cc.ru/products/450g-kofe-zhokey-triumf-rastvorimyy
 217498,"Кофе Jacobs Monarch растворимый сублимированный, 48г",299,,ЧЕРНАЯ КАРТА,https://online.metro-cc.ru/products/jacobs-monarch-sublimirovannyj-475g
